categroy_id,categroy_name,parent_id
000ec475783046c38ea61bb56daa3bc6,"Religious & Ceremonial",NULL
001f342beff04bc7818973eea7f8deb3,"Lotion & Moisturizer",1a65e02411ae475a90f0f147a6b49785
00273e0123d840da81e3f5f82b0a3806,"Biometric Monitor Accessories",fbfab5484f1e4f9492c4ab728818dee5
0036c8179cd34ac3a26f9a573c66a339,Dirndls,5dc0b4da181045178ce00e2f7a6c0dbc
004c3a016c154228896eb59fdeb7db08,Deodorant,b6728768cf2b450dbfba1aa503374c7b
004f028ea41c4155a544e157ca00c390,"Harmonica Accessories",8a57d0ba7f6a44a7b98b8850ba1d8566
004f791af87148be9fbc832433e4aff8,"Crafting Patterns & Molds",70e71a7e92fa44129358804472249b8e
00664d79ec334c6cbe226ff71188e9e1,"Fishing Reel Lubricants",c88288e3d21e42ccbaae665bffba61b9
007bce4eef5143189c7fc70b80ccc44d,"Jump Ropes",8a02b0ededb741df970469e05aca516f
00882b4f992d488b98fc1641d7149790,"Multifunction Tools & Knives",7891e246be7e4c39a08489ffe7f1328d
008866e7f0f7433ab49b43bf298466ef,"Toy Craft Kits",db38f90ed36a4f0c9adb2007d6e91660
008ba2b51d6a4837883fdfb3d7c8eaad,"Satellite LNBs",f1c59e86027644a18447d11c61d639ba
008f745ec88f4ca69ade174ac9fa42db,"Tool Handle Wedges",62c1612a96734ff3a022ebf470d36e57
009b1df59df240cc8dd2779f0c3e037b,Sapote,c5d300814cbd40e28fc44ea9d2b20290
009ca185d75b487ba3b8e91f14b00122,"Desktop Computer & Server Cases",39003c237b7c44da871a2e5edae83df5
009de643ab8f49068bcca3c472454a38,"Curry Sauce",eabe55d6797049fcba4a602c00dc0fde
00a027c3ab314d9a9c1b58954bed6ec3,"Activity Monitor Accessories",00273e0123d840da81e3f5f82b0a3806
00a0f4ce07934a90bddac2c8af15301d,"Wireless Access Points",df792953cd8b4287a2c8a0a58e2c9329
00c4d43e40a046dc8bd127c66007d860,"Mosquito Nets & Insect Screens",a2676ffa9dd449c0b108111a66c5dfd0
00c927395107463a8b8aa119ef3adc0e,"Toilet Seat Lid Covers",a162b0e1c12346628b8cb4f0c44bc597
00d188ba9a7341929d127d4493069b4e,"Cast & Bandage Protectors",9a93a0f467804a4a80540ab0dbe0561a
00da7b0209be438783162959cc9517a8,"Decorative Pom-Poms",720906db88a94a23a8e73205d548c533
00e0e5d6cdd54948b3500a6f5ca1540b,"Heating Radiator Reflectors",b56850099098458e8ac8d14445a5fe85
00e8636367fc467e96975d0fd528a52e,Bookends,736771f896784f23a6a9a4134c521da2
00f44c4bf1234d2d8ae4f0de02cd1ab9,Softboxes,336db315cede44ca94505bd770df30df
00f6c577dc2f4fd1903cb40dd97fb661,Overalls,776c7785d5764656aa7beea9322369b7
00fa29fbc21b4db69086a3b39c105214,"Input Devices",39003c237b7c44da871a2e5edae83df5
01057120345d484fb2141776b1dad3e0,"Gardening Forks",f839ccb7a6a244d6b19eee6b88c474e1
013181ef02154a8c9615e1cb1dedac54,"Rice Keepers",29de56b8f2204f3086d404e713fb4853
0133e02064894b84913dd961832a1a6f,"Air Conditioner Filters",3088a6def8534b7995fe9839264e90a5
01349049ba574135bc637b6f29ec3441,"Luggage Accessories",206b429f8a6e46fcb13a8e2cfbd07b64
0144510e0d0444e9983e8c37a85f24b6,"Non-Dairy Milk",9bca676fa9284974b05be95ddce8788a
014aff04a32345669bcf0b170dfa614b,"Bath Caddies",724a7f0abb3c4d70a645d34933e40da4
014d8188d106493cb05a7ac0b20a2bd8,"Concentrators & Multiplexers",143262b8c1e342d58e3124b041a7d31a
015c82fe6c3b473e91343e72764a1e3e,"Vehicle License Plate Mounts & Holders",e0abdd90d5004153ad125db91b58ec6b
015ccf2bffa745aab16a11dca03fc4d9,"Dog Kennels & Runs",982f2927cc3f4fedb6ffb4941818124b
016a7ead5e004386b7341f1b5f957fae,"Crafting Wire",2daea90070c141729bdcf16f1428611a
018c2eba0c02411ea45ca765c513bcde,"Squirrel Feeders",4f26633789bb4db7b49e20f3b76626fe
019cf4347eaf4322a6f219f0899bbdea,"Meat Alternatives",d396cc8d163d435abef822e5b56da376
01b6b7021d2c4fbfab43301306fdc73a,Snowshoes,3f77c2313cd34981a67d4f4987009e41
01b9d2ef2a7f422585a13ec999b479a8,"Numeric Keypads",00fa29fbc21b4db69086a3b39c105214
01cd17e1874f471eb93eba691321c253,"Rhinestones & Flatbacks",5f78d739b4e54e638f46d03c076f5527
01da095a08fd48599047d55112501bca,"Pet Door Accessories",35d457cf921c4bec9aceb86c6c936418
01dde21981f04d709ff0f9aa5031aa9b,"Toy Helicopters",402828fb153e44fd9f234f917719ba30
01ebd4a52e3845e88f28c3764ed1e172,"Urinary Tract Infection Tests",0bec73744b054b67adf32abfc65dc869
01f6333f980b4cea86ab14718019fbf5,"Golf Club Grips",fcb39a31d6784419ad4df19dbb6e7289
01f6bdb92ea747878999cddf986494e9,"Envelope Seals",720906db88a94a23a8e73205d548c533
02027972e1234cf9922d42cf906c90c4,"Pretend Lawn & Garden",ec33cef03628450998c12fef1306bf51
020d614bb14948faa0c10e6a3abe4bc9,"Watercraft Mufflers & Parts",4b0bcad2bf674fb5baf6123243f1279a
021d0dab4db04d97ac828afb12ea2db7,"Music Boxes",736771f896784f23a6a9a4134c521da2
021f9ff4f8f042498ad89334d6c8ceaf,"Power Adapter & Charger Accessories",42a756f4b49241158403f322b7d61fcf
0234bff8c8e04f95acc30bcb0640a5dc,"Personal Lubricants",934bb38b1bb746429cf611c1529e1726
023966d91fb14d7fb2c6d256f072594b,"Cricket Bat Grips",03a12e212fbc4efa8a56d8c6a7f9f479
023cca60d74b4ecc83e8ae1607374adc,"Glass Cutters",419b1fa84ebb41ab8b9a9f3383d605e9
02432563aa2f411db8530e568757269d,"Kitchen & Utility Sinks",2462153be5e54803ac22d93cbe3adaa6
025ffb9ee58a416a849d25e604fec197,"American Football Rib Protection Shirts & Vests",881302d32cda487d9c418a3b9e937048
02829dcae8294d3796ff4f72eaa24481,"Play Money & Banking",ec33cef03628450998c12fef1306bf51
0285fa4b39be4381bcb1ce29c5056a91,"Platform & Paddle Tennis Paddles",ff3c0fa4e7e74ec4b1cb86618d555acb
028a3a18fc50454e9ea183b169908567,"Yogurt Maker Accessories",96f9285ca4f34378897ed53241e3a49c
028b5c6496b848c4958cec4f98c32f84,"Ski & Snowboard Tuning Tools",84c3206a28bb4334ad240df4886efa1b
0297569a38fd4dd2af9eb5ecc7cb929d,"Climbing Apparel & Accessories",25963ede86a14773885b4f491b25adcb
02aafb97f0554297bdb2b6784711e2f4,"Throwing Hammers",ee3ace6bb25747deb4c62f1e7b1d829d
02b4efc793c84eca8b34a36d732336d6,"Hair Styling Tool Sets",da3499096a3b4813826bedd22b88918c
02c2ddcc16384d8fb0eb1bc4ba3b1021,"Laundry Combo Units",f81d72ac0efe4b3787aa1d920f599d07
02c7cd53513249d2ab044f38e0bd909b,Markers,a415cc94ff574343a206da6cde1cb13b
02da5b48db67484694410ff4ddd154ca,"Gobo Root",0f26d7bf23b84df4979915a4ca7810da
02e90cff48f94a41a554d18cfc50d00d,Onions,0f26d7bf23b84df4979915a4ca7810da
0315bb032a444d85ac728236d3ee0ad3,Vehicles,405a3eefda24458abb71bdf89b536f24
0320f4cfce0c40a6a2c5e76982cff7b7,"Hardware Torches",a79d5a82ba794f709c151993661d2624
0326a0d882d34fb381f319f13722cea1,Shapewear,ad0702d9fc2044b4842938f311ce300f
0329925d2959430b99ffbfbeee96e355,"Cricket Bats",b218a820d97b474394381bf9a468ab24
032d4b25caa444f584c1a8e829311d9c,"Coiled Spring Toys",444d7a8f6a964104a5b12731d19c59b6
0330341422c6491dac4d7a7deeeec9db,"Crafting Canvas",1115656a8c6c412e80703e51497dd952
0341b18780c7409d8f6e19a412a7e011,"Bicycle Tire Valve Caps",3a818162806745f0b28854e06a8ddf4f
0346730964c840d687538faddfb32864,"Paint Tool Accessories",62c1612a96734ff3a022ebf470d36e57
0350b696838946838396fed491ed70a5,Pears,c5d300814cbd40e28fc44ea9d2b20290
03616f03d6364ff98b320700d5a24cde,Quivers,562f818558b74a66b9aff4c832a47e83
036e0a6e2c9e45e39e54a7412bb0be05,"Heat-Shrink Tubing",46f0cf16e2d84a578f2396ed7a93cce7
036fdd6e271c48da8298cee205bc26ad,"Motorcycle Storage Covers",5809f0ffe3d2458da8414a0c16c5037c
03847dd1deeb406fbb7f6cea682786a3,"Coats & Jackets",c0cbb5e6f6384e92b2a49a8de8e15a06
038c64bbe6ea45eb864110d8cda99d90,"Ear Picks & Spoons",42189c33b27b4e77946ec2097b9fb03f
038ceba76f414a54a70a86c49e1b3d4c,"Paper Napkins",c673e402556d4623a0b176a30f74537c
03a12e212fbc4efa8a56d8c6a7f9f479,"Cricket Bat Accessories",b218a820d97b474394381bf9a468ab24
03d2ec5c96154f4b9a849d42ac373ed6,Millet,cf1378df2fce4222ba3fc7dc06d6256a
03da8cd9a6b14ed39b8d0141cc10048a,"Bath Additives",9c5e04b51d64482d861cecb61081235f
03e213cd36f242b2ae7fdaa3bdfe66c1,"Handheld Power Drills",cd574747876c411aa77c02414ef10b3c
03e2b6406d6349ed8d2d61d32b75a565,"Soccer Goal Accessories",c59a517e5bd14a9bb0b60ded7990a5e9
03f5da8021984944a05ceb077205c625,Guavas,c5d300814cbd40e28fc44ea9d2b20290
03f841c6ab1643c5849792252cb091ac,"Therapeutic Swings",6d01fa14b20f41d1acafb0322dddbf9f
0400682e1c2a4cfcb1eb6eb9faa53676,Compressors,a79d5a82ba794f709c151993661d2624
0405585e29824dbfa841036e6d17052d,"Lens Converters",f09765626333474193c2e716dbc887b0
040bc3501bbd4bbe83a5b1a1d97dbf18,"Audio & Video Receiver Accessories",caa426fdcd5c4b66a8873b0eea92f29d
044a84f2b9594b4187df9efbc893ab0d,"Baby Bouncers & Rockers",99c499fb35eb41ffbde7725c2698e88f
046faecc7d6e45748243196cdb6f64cd,"Livestock Feed",105e4def17ba4fabbbf59251c71512be
0475d055563f474eb801356e6cfa1465,"Ping Pong Nets & Posts",ad91047cf73348e882b1f65f06664174
0477216b4a5d4d4d980ec1887161dda9,"Tripod Collars & Mounts",4d5ee36ea95849b4b0f9983978e54c62
048283192a6d48118d2437afc58a8792,Nebulizers,594f238de0254ccb952d60f6e305e08b
04afcb531528488785fa71e0e834aeb3,"Radar Detectors",eac66d03cb994b698e61769fe134646d
04b78352bdad4cc385b5c92343822659,"Bicycle Saddles",3a818162806745f0b28854e06a8ddf4f
04d0562c607048a4a31844426f449c4f,"Paint Rollers",79213acbe48447389da0b1cbda2a5e07
050c1f4f47324f9c9577c5d65c58dc44,"Field Hockey & Lacrosse Masks & Goggles",de61521db45343f2b7913ea57c0ade2e
0510b498f0ab4fec973ef8a5325f0858,"Vehicle Power Steering Fluid",576cfe3d5ee14ffe881cbfb3a3e77428
05148d1045c341acacb5ab33e4dbe9c5,"Fishing Hooks",ec2c860d3cbf4c7988264967f23f85a9
051b1909bacd40f4b5a913ffd04e731c,"American Footballs",333969b723b446e78b83e01157610b88
0523130bacb849978f0516e61382c1ea,Jigsaws,53bb69d4071b4e538327481b1149011b
052fdaedb0944dec95e7872ef403e5ce,"Ping Pong Balls",ad91047cf73348e882b1f65f06664174
0549727b14434ec781062c7904494fd6,"Craft Machine Cases & Covers",73d903d059ec4e36a697b3c97cc36d62
054a53e771ed43c894d7256be41b4320,"Computer Inverter Boards",e7ef779ec37544ddaacd01298e068a69
054c0eb565e04a6082f1aabca91cd1b2,"Outdoor Ottomans",666891e2903c41c7a2d997d31ee7da79
054db383c239425a88d5b5e908d4e183,"Toy Gliders",573ae182db9641a99c7dccd4a54b1e86
056ad41d3cc34e5c923b83c3efc9dd65,Belts,ef30792f4b064beb9a1f2c2464c2f488
057a5f17b4e44c3c8fc9c77c8c9a52d4,"Dips & Spreads",bb6798e9aae746f0b14d8dca9d7c6a67
057caec5c18d486aa0c9d7e1717b1cf0,"Wash Bottles",7c329a0bd693430e953ce666e788cce0
05853332706b4476994ddb5af6f2c545,"Furniture Sets",09241892c5a049ea9585ee41269b2abc
0589633bbe8146229dbcd4eb84399aea,"Pet Medical Tape & Bandages",35d457cf921c4bec9aceb86c6c936418
059b64e2ef3d404bb69762dac9ad1ac9,Saxophones,6d007fa46c0e41b7848aebd85d9abd97
05c8505332314b6eb76b1bf2030e9bfb,"Windshield Repair Kits",80bf03960f9a47a4a7fc038c825b1bcc
05c963d4b84d4fa18a2b43f0837feab3,"Roulette Wheels & Sets",93fd07418ae744b2aa78770860c1d46d
05cb3c3e220a4b0b907b91165079b3ee,"Baseball & Softball Batting Gloves",cece328c1cd6469fa90f13d8632782c0
05d6e4dd26db4725ad8c0a557477d58f,"Golf Tees",21bf785c6de5420cabc106daba7d6e14
05e0d2531bee418789614e7c7bd21c26,"Fireplace Tools",f15a4e379dbe4798923182c761e9c202
05e518c4a10b47ec82a445f0ec39ca50,"Programmable Logic Controllers",aa30daa72150443fb642071281e89bb1
05e905ab0bc445438c020d51a019bd0f,"Keyboard Trays & Platforms",2a045451487548f48e9311ef407e10a5
05ed5674b2874941ac3ad752af3be5db,"Plumbing Fixtures",3b5187281711489c88953a571fc0bb47
05f01c8cdb4d487da100e84b7bb563bc,Sparklers,720906db88a94a23a8e73205d548c533
060733532be44c7b9ee4ac9c0e82033e,"Computer Utilities & Maintenance Software",518a291937c844da808980175bcf9dee
060d4a68617a43449b446712f7a235f7,"Medicine Cabinets",724a7f0abb3c4d70a645d34933e40da4
062fc76f7f0f4032bb80cb90cae3ee5e,"Long Johns",ad0702d9fc2044b4842938f311ce300f
063f4e51491948328c5304b7ea87109f,"Sports Collectibles",f4028ec402d94a03a68546b104051372
06417810c8384c06836ad1109f34fc81,"Paintball Gun Parts & Accessories",eebaeec5acc146578cc931b643786d8f
0650b1b1e7374f1082f8afa5f4ff3876,"Camera & Optic Replacement Cables",b10836a5a9304753b7f44713cccea01d
065a9510026a4c40980fd27db99ef74c,"Media Storage Cabinets & Racks",23618a8be53546b58cc60f8365c4cc26
065ceb7215584964af71afd009b8c9bb,Barley,cf1378df2fce4222ba3fc7dc06d6256a
0661e71061344eeb82cdee4d0c2f3e97,"Body Fat Analyzers",3b6d4a7d39684948baa2c7f8fcfe73c9
067c61e42b71457fa96b53e67ef3d1db,"Motor Vehicle Braking",ea9eda63992844708ad6706809daba39
067d5338d0264256bbceead4920c1fe4,Borescopes,1c1c39092792444da6915556d4e1893d
06828e758886442a9a47674ac69a96a9,"Futon Dryers",cfeaaca6afc045059d183e441de91e29
068c273d2cec4b658338230d0f3a256c,"Fireman's Masks",32ac241197e74061abbcd55364ff1629
068d63b1438f4de8a92b45607ba02fe4,Masks,517fa5b3626744dc992eabd6b3075b83
06a2f89a75ce46a5bb5fbc20970d97f8,"Badminton Racquets & Sets",e7fd3ef131e44c89b37575b5bdab08f8
06c832e4236244e783958034859ab530,"Blood Pressure Monitor Accessories",00273e0123d840da81e3f5f82b0a3806
06cb5dcccc0846abab85c76467cf538a,"Faucet Accessories",08a7feb821cc4b2bb645634c605bb28c
06cb78243310464c9e682bcd7a33bfcf,Handbags,51d000ba5de84864bd8bc7f64c5fca19
06d7bd8b59c449b28e3f2622c99274ac,Beakers,7c329a0bd693430e953ce666e788cce0
06f1950c939c46a68363ec4a2f30b941,"Baby Mobile Accessories",99c499fb35eb41ffbde7725c2698e88f
06fe369d2e3746349d27c5f03c65e216,"Hook and Loop Fasteners",f724105d627a49a591daa332de121847
0721953df0444f16995426a8343ef010,"Wire Caps & Nuts",52d1fd47e8f64385b659d2bc6ef88e4e
072c2cfeca734262b424b7749e19e93b,"Measuring Tool & Sensor Accessories",62c1612a96734ff3a022ebf470d36e57
07391406d6ae47a4a263540ea9941a26,Hygrometers,5192d0ece11e4321bc9c2564d88a380e
073e22bc8d444b12a653e1e7490f70b8,"Food Dehydrators",dee5b8311ce54603bdfbc666041ec6c0
0741f2a7da664107929d9d2a8c3bd058,Cycling,e7cd8503854c4b8fba3ae180a6d87a8e
074caf853a84402fba01f99930d77820,"Toner & Inkjet Cartridges",f158d0904166445d9a07c78fe4639864
0752384fcb834ba6aed712bebabbb103,"Knife Guides",5192d0ece11e4321bc9c2564d88a380e
0759cf5f4eb244128c069168c36e8a60,"Ice Pops",14a07875780e47ffb217f77e47a60fc6
07658229781046b399c9d0687400b776,"Softball Uniforms",b2ba9eaecfd843acbf142c6c46a92522
077693f8c02949c59284ea4b0eb8bb87,"Clubs & Batons",212320e64465474ca9589476eefc6d6f
07779e76343d493795e715cc938e9c08,"Dairy Products",bb6798e9aae746f0b14d8dca9d7c6a67
077e287f14a94468b92010e52386a277,"Tabi Socks",e793baf5906b471d826af8041db59fda
07945bd3d30043299e76269e383925f9,"Cardio Machine Accessories",8a02b0ededb741df970469e05aca516f
079ca0e9ed8045999b4dd737884d2230,"Saddle Covers & Cases",4d8cc4dddeac4faca8e4d864ffe30b3d
079dd5e7f69841af95782b3d3904748c,"Body & Facial Hair Bleach",bc697d44db2246ff806dab8fb7b9cb3f
07a09944acc44bd99f289dbd2d188e6f,"Voice Recorders",45e1f90af225439f87d2db2f436edc1f
07a1f4f5d3724be7925c7d551094f5db,"Law Enforcement",d10653cd475741179bb820509956b205
07ae5a2f1df243949905442cbf8d7e00,Fans,ceba68b723e344c7bbb767a00c4d17c5
07b0868ec5fd45dfa5ead815ac14719b,"Gas Hoses",84f26e3ab9fc48d2beb0c15697c68385
07b228a007e247ddbf674c7b9a82abf3,"Nail Art Kits & Accessories",847af0be4e564eeab70deaaaf63e14b0
07bae78a83744e959369cf1f86adb078,"Bassoon Parts",19b247d8c70a41f09877764da140c120
07c14ac0eaa7474c933dbdc55719b278,"Kitchen Scrapers",f407c85bb1bf4f5baddaf2207a83b494
07ce298833604b2499672ea6cb1f7383,"Flash Brackets",7227db6be4be425a8092aed3d772f297
07e0338d67c140e9b2bff2a62de9345b,"Gymnastics Springboards",f8b81d159ba14760906494bdd913d9b0
07e934e7ad2643a2852195b863770bd0,"Video Players & Recorders",748fbbea094e4ee391a7bd30875db030
07e9fdd05a804c47ae9016e625c5ca71,"Butterfly Houses",176d41cb321641749b41e5e0e67ceec2
080ac1ad22f94d9c84b39470ea9ea931,"Elliptical Trainers",e417a8c319ce48b28e2cba0a02cd5d5a
082260613ae3435fa59f435e4eb5404a,"Tow-Behind Mowers",763f2238e974432898ff8b4f49f9eeb2
08301baef30b4be79dcf47d108f24d3d,"Photographic Analyzers",e7eac48a1d30469e9f1b94301f7362d0
083d2f79911243858efa72561a9275cf,"Buoyancy Compensators",b79fde44fc5d4280ad3b181fdd9c576f
084b2d45495e4f63a4720e31f9e7e0fc,"Toothbrush Covers",e2f9ced7189b47a689d64b8026bd8829
0855bc2512d249e2b822a2aaee092ed7,"Security Uniforms",f39060334e064f2ab164b29b43bd89b9
0858450b39454d069018a10831832259,"PDA Batteries",f02fd715604e49d997a5a5fce90ec58f
085bcdc1ec3f4c4995e27f483ff5fcb4,"Gun Cleaning Cloths & Swabs",441e03867ca342c7803f0254bc724bd7
08682a10482f4590b2848282955f5214,"Airsoft Guns",3b54e060665f4a36ade0a3eb6b8367f3
087900c0b1724fadbfcd2c369b891522,Tempeh,d396cc8d163d435abef822e5b56da376
0883b019285d40c9b7f362ae1daecc32,"Kitchen Knives",f407c85bb1bf4f5baddaf2207a83b494
088574fb444744cba130af8fa62a36a9,"Printer Duplexers",ffccdda2d7c64244b60fb03436d448d8
088e6b62d73840d79679021696f8fc13,Radishes,0f26d7bf23b84df4979915a4ca7810da
089a9f646765425da35b033dcef93e74,"Hair Wreaths",1a64df482e4c4e42849f58b0972e5192
08a7feb821cc4b2bb645634c605bb28c,"Plumbing Fixture Hardware & Parts",3b5187281711489c88953a571fc0bb47
08aa178d665b491ab77bf1f6971fea85,"Portable Toilets & Urination Devices",bb0e86da3e674d039018929fd6b83fed
08b0fef4f9f843429125a30a9b1a6ebb,"Audio Converters",f0f607f03da74b1ba9caaf3dd56ce8a1
08b18fd7613b43778bee6c9dbb33441c,"Sauna Heaters",975d0ecef5f3416aa84f7558b29f67d6
08b1efbfbb6341c89e74fe333ed12a75,Breadboards,3b0d87407fa94689bc046f603979bd36
08c2c2504b7c48318a2be6d090f8c479,"Live Animals",f766cae95bff4f548dfd9e47040cae2a
08d1bea55df548049afe57091e70e373,"Motor Vehicle Equalizers & Crossovers",becf78e0244048f1b0cbf2671397d52c
08db115d8e594a5dbbb265bc44be0efc,"Flash Diffusers",336db315cede44ca94505bd770df30df
08dc436ee9f2478690facbd55f3a2f8b,"Paint Binders",b78da01c4e6a4a71ac9efb1e8214a441
08e3af286d7d4f059eaa3f593de6ebcd,"Ink Pads",a1ef69885b0e476392217773f7ef40d5
08e915fdd989489189bb21cdc9e62095,"Brass Knuckles",212320e64465474ca9589476eefc6d6f
08f637d446aa4b59bf4a2ecfb6efd627,"Ginger Root",0f26d7bf23b84df4979915a4ca7810da
0909fe9134ce4089aa91fb1f0b99f237,"Inversion Tables & Systems",d25cb482691e49e9ac076f1853bb480b
090fa536967a4ee7b95355d57604792f,"Cover Scents & Scent Attractants",98346d8570e84a0a822984a091497756
09130ce134f3479da56858f203919057,"LED Light Bulbs",51eff74bff1f480abee0ee00365ad170
0913ede48783481c98cf46f26725d71f,"Cereal Bars",a1a9baa539304ad8ba827629f53f3156
09241892c5a049ea9585ee41269b2abc,Furniture,NULL
092691a34f7d403d810350853f5d399a,"Intercom Accessories",52c88e52608349538a5d06dadcf2b694
093f7005e3b54233bb44da2a2ee0965e,"TV Replacement Lamps",8d6eb97198a941e983c1edb87795c59d
0947ce1407d84ffe973ecb0ce4279151,"Bicycle Bells & Horns",e75bd6cf27df40439abca4d2a97514c0
094b2a7ccba8449ca236ddb5928bf92c,Harps,9f7e859370e949a48898ba52415492c6
094f8dbb9bdc49a0872a08bde0b04f67,"Canes & Walking Sticks",961efeca1b044f28bebb56f859b35968
095cc5790739463f807834d2ba640665,"Musical Triangles",ec558a91fc4d43d3befb982bdc7d6155
095f358ba3c14cac8ddfca80ecc122c4,Wigs,1a64df482e4c4e42849f58b0972e5192
096edecb4ea54fa8ae509580230a4c8d,"Makeup Tools",85c3357b00a54dcf84ab034d785e502a
098a02ed42194b829ada387c695735cb,"Household Storage Drawers",a23e2f10145443abae5e797fdc95305d
09b2e4b25d374c9c94928bf834b3aa3b,"Watercraft Steering Cables",61fe508e4e6140a9b4f22c9ce9c5e161
09b8691e81b847adaac6a8a624768bef,"Stair Climber & Stepper Accessories",07945bd3d30043299e76269e383925f9
09d8659850b94851896f8d8f346bc5f5,"Lawn Mower Mulch Kits",1a217c2339864e5fb89327cb54a9ff84
09da0b543f574e45886675fc3cbee1a1,"Camera Batteries",f02fd715604e49d997a5a5fce90ec58f
09e2bd43bd5641979b255a7d877f731a,"Coaster Holders",1892f457d24c417899274e6bc22ba666
09ea430b10bf43b78f70abdd3ca30589,Construction,d10653cd475741179bb820509956b205
09ea88ad001d4edb969970a148b99dd4,"Dappen Dishes",675ab23e194c4ab2b7c6e530b7fa307f
09f7e6a6cf754905adafbc792fa134ab,"Poker Chip Carriers & Trays",32b71e41a20d438c8fedfcb19a1af5df
09f7f305cd47478b88640888b096db3b,"Kitchen & Dining Room Chairs",9451b838789742cd9baf8b5a0c77c69e
09fccc6044f84a059a7d7323592dc299,"Snowboard Bindings",84c3206a28bb4334ad240df4886efa1b
0a09815cdfa64f36bc5d9001b6016c35,"Cigar Cutters & Punches",c9eac3143e0c4484a9ab58bcf387b670
0a134c63352c4c5c9f34c48f1a7452e2,"Craft Cutting & Embossing Tools",f261d56bb89c4511ac00368200dc3e32
0a1698bc1e084b6983af66b313ae32ae,"Table Tops",d96a53f51cdb4b6784d823e410284663
0a1952197cbf421ab0980da849be5fb3,"Starter Pistols",ee3ace6bb25747deb4c62f1e7b1d829d
0a1faae644444b7c8de3607a8104e7c0,"Musical Instrument Amplifier Knobs",a2d3349876e24aa6aabbeb875383730c
0a294b211c164c63a8b7f192163ff68f,"Ammunition Cases & Holders",a4870a9b2ecc47448a5ad2716e698eef
0a351624ecef4cde80c732117269e40f,"Crib Conversion Kits",21262c6c0f004eba96b3c9ca802a9763
0a38ba6c94a2401cb53bf612ef24fa6c,"Throwing Darts",43f6957374b247aa9239857628c57c8c
0a3d40e643054cb6a0d635162cfc3076,"MP3 Players",45e1f90af225439f87d2db2f436edc1f
0a40040b4ace447e8098845bff79f9ad,"Sports & Energy Drinks",9bca676fa9284974b05be95ddce8788a
0a48862ab4ab4425ab7443e86e5991bc,"Baby Transport",1690c859de38412899d33fdc0f93e98f
0a4cb90b852945ceaeeedb5aada797ec,Cherimoyas,c5d300814cbd40e28fc44ea9d2b20290
0a4ef6e1ad4e47239bf1788fc93187ce,"Hockey Shoulder Pads & Chest Protectors",6bbb7dd8ca4a4f24852598c7852d0b63
0a565386bb614c938a71a8f12aba84d9,"Print Books",0b4b55b5d1ec47d38c47930823ca8f4d
0a5683c8138e4e26bb6e66486fcee8de,Bedding,3e21448e6b834a54b32f42a3ae3a8d98
0a58b229d4c24d629ee4dad2a4f2d665,"Band Saw Accessories",c496db7e4a2249109f00600c067b86af
0a5b239612204285b8873673e9feba5e,"Clay & Modeling Dough",334313b08bbe41e084bd10959a41d32e
0a5d7c9994514a2aa9849b7875feb519,"Dog Food",982f2927cc3f4fedb6ffb4941818124b
0a6cb3f18e234683beeae9ca2fca1a0c,"Pie & Pastry Fillings",4d6624ea9526439699204e79fb570ea8
0a9d9575fa8a412eaab51c43f95909f8,"Bathroom Furniture Sets",05853332706b4476994ddb5af6f2c545
0aacb2e38c504674ad75cbd4bf87a1c7,"Color Calibrators",8d9a8b89622340a396d36862183812f5
0abc18777f98481fb6f40fde612f93c4,"Bicycle Groupsets",3a818162806745f0b28854e06a8ddf4f
0ac3de7eb3574eeeac665f39d2ce5cf2,"Handheld Device Accessories",2a045451487548f48e9311ef407e10a5
0ac905e9c1af4155964cd60532c45fdb,"Door Closers",5458989ac81141e7aeb9c6658972882d
0aede6d0e1d84e76a534e624f873791a,"Event Tickets",9aeda052c8f04ceeb753f5d69abb9386
0b07173447dd4566b28f8f95de61e7e8,"Swim Belts",45f65be0fb8b41958b7e51858f11f8fd
0b1aae2740de4d27b418bfda29cd6402,"Scale Models",f4028ec402d94a03a68546b104051372
0b1e5fd684b94345bcf391ec58217411,"Mochi Makers",dee5b8311ce54603bdfbc666041ec6c0
0b1fb5af11994467a022cb35161d4751,"Martial Arts Weapons",ad88d04942894946b5f26be87a4f899d
0b316b1b54f64defaa5d09bfb24d2236,"Racquetball & Squash Gloves",9c254f4d4312428b97653bcc88ea1bfa
0b3aa4cded90405d8d5fb35283f13ce5,"Multifunction Outdoor Power Equipment Attachments",ee1d8bf242b141b4ad21b0995c19ab85
0b3c008b6e474d00b9ad12abf684236b,Reins,22fb517a634b495c9aee385964ea9391
0b4b55b5d1ec47d38c47930823ca8f4d,Books,8aa746c1606f42c2828f94c1aaf1a6a1
0b4b8e68323643abb09a818ccf638cb2,"Vehicle Jumper Cables",80bf03960f9a47a4a7fc038c825b1bcc
0b4ce0286f204d09b4016fd51cfc07e9,"Video Cameras",1c1c39092792444da6915556d4e1893d
0b56ad42427b4150b6ac44e446a15d10,"Passion Fruit",c5d300814cbd40e28fc44ea9d2b20290
0b686982dfa24756936b11600ebc8116,Interfacing,1115656a8c6c412e80703e51497dd952
0b6a185e565f47fa8fc1478fda6c7fb0,"Oboe Cases & Gigbags",ac55c9d77b3f419c920820ca6138ca10
0b6be234cf4a4a588e3913a29592a9ca,Rangefinders,333b9f9be60446d883605acd307f4551
0b71293f935f4967b62fbc0bc92e96af,"Filling & Padding Material",2daea90070c141729bdcf16f1428611a
0b9d68653977428f94d8a094fd051f16,"Bakery Assortments",1578220571414d5987ccf2f637f92a44
0baa34a2510242529de6051db5293510,"Home Automation Kits",52d1fd47e8f64385b659d2bc6ef88e4e
0bb94ebe27f446bbba39b13f3a52d0b9,Cables,6c4c3469c7094aa985e0315ef2e35fc8
0bcc57bbf92b488ba89b1a08d06b4c5c,"Outdoor Grill Covers",5820484509f6485bae74cba79ec46144
0bd11959efed4688802636f67250a850,"Tractor Parts & Accessories",ee1d8bf242b141b4ad21b0995c19ab85
0bd9400e9a96435596b5c78035dbcff1,"Lawn Mower Blades",1a217c2339864e5fb89327cb54a9ff84
0bdd69d15ab249ed964e8bbcfc05bf82,"Metal Detectors",07a1f4f5d3724be7925c7d551094f5db
0bde3c3d783441aa8804fe988ba201ec,"Flooring & Carpet",87d73845143541abb1aba46b5615dc5d
0be8e482b973469cbaf7a94ae6dddbde,"Projector Accessories",c8cea3e6a54a4b21a558903b5042da8b
0bec73744b054b67adf32abfc65dc869,"Medical Tests",fbfab5484f1e4f9492c4ab728818dee5
0bfd3c35209c4943aea2d7589043057d,"Pig Feed",046faecc7d6e45748243196cdb6f64cd
0c0f72a9a7ac4f69bccf7cfc79c3ff08,"Flute Accessories",8a57d0ba7f6a44a7b98b8850ba1d8566
0c1ad8a8865e445abea54219cfc35f79,"Pork Rinds",6aa13d16d86444ffb378547e06db5e11
0c1f0daab847434d9e49659382d9b4cf,"Hole Saws",bb9bc3b5aad34750ab96cb4ccd387ea4
0c234d4ba61f48b9b40bc81b7cf663e1,"Light Ropes & Strings",6c6b4f7730b24bea8e022b26a3691c28
0c26217b40d44f038e2ef7edfa8d41a2,"Lawn Mower Mulch Plugs & Plates",1a217c2339864e5fb89327cb54a9ff84
0c3936f2bc76477dafd261a5976902a1,"DJ CD Players",7793178b06434baa89a194fcf995fd32
0c5dc69eb43c4980b7cda0c99ef1476c,"Furnaces & Boilers",ceba68b723e344c7bbb767a00c4d17c5
0c7d352704a84a32b698b327b684f85f,"Citrus Fruits",c5d300814cbd40e28fc44ea9d2b20290
0c7fe5a1d23f4fd888906b8f3e55b4cf,"Craft Scoring Tools",0a134c63352c4c5c9f34c48f1a7452e2
0c8420821ce34616a1ad9772aeba464c,"Weaving Shuttles",a6e7ddb685ef4cb9a975aeb01486f294
0c86559bf6b84868af15696b77a7b530,MSG,a84178af99a74694a4e8ebfa131da62d
0c879d290bfe407c825600e8516ea60f,"Horse Feed",51d2f59082944e41bda2bad670fc60e3
0c969d10642e4f92b8027522d1381498,"Conference Phones",0e8b2f13b9c746ecbf02f9cbd40c703c
0c989a75ebeb46d4a7b88c60a05ac2ed,Airpots,2552b01307f440e99f30c72023a176be
0ca9831f53ff4f6fa6c0149f1211fc7c,"Vehicle Alarms & Locks",3bcd382a90ba4414955eedce6644fece
0cb13ba402e74e76bd96238dcecfcc23,Bagels,1578220571414d5987ccf2f637f92a44
0cc0201bea914ab7b9e240cdfff9a117,"Table Runners",9c0a5fa4619a416287de0f69368ba066
0cc0c86fc04645589cfe80c62ce5f453,"Jigsaw Accessories",c496db7e4a2249109f00600c067b86af
0cd090754ce3423aad1824c6b0ccc6d5,"Referee Wallets",96fe5461855741a298b276c223e10300
0cd52c3af57d4e4ea42e2217d3cb5ebb,"Concrete Molds",84f26e3ab9fc48d2beb0c15697c68385
0cead74ce6c34e229b121dac47f0c0b7,"Household Storage Bags",a23e2f10145443abae5e797fdc95305d
0cf165939f47434fb455125fe307efa6,"Garden Hose Spray Nozzles",aa72186f5bfb4d18a30a3f632e55e64f
0cfafb9d097e4dd7b5e0b9715c98ba74,Flashlights,88869a6d34dc45d9adb58f2ff4bc35cc
0cfb091138ec45aeaa2ce1802c5e9d1c,"Motor Vehicle Parking Cameras",becf78e0244048f1b0cbf2671397d52c
0d12fec4f4db4d2b95502f1d48223ffb,"Drill Presses",cd574747876c411aa77c02414ef10b3c
0d1cbbb979e947b7a704327de3f4658b,"Costume Gloves",ea4f91a565344ee5a4a663579a12ba21
0d24691391e6438ca41f917e39262e7c,"IV Poles & Carts",a6f12105998949c3be1e7c6e62af7e06
0d2b81f1ced74d3cbef27373c07a5760,"Flash Reflectors",336db315cede44ca94505bd770df30df
0d42db6e0fbf44a0a5aef28f78d53fbe,"Boxing & Martial Arts Body Protectors",805f9b25ee9248cbb6bc0a1db2711f7c
0d524a7ae215491daea0a81d2c4800de,"Boot Pulls",2dd0d7f554204d28bde11674642a4fe2
0d55e1a9ade940cd9e2f32b6ababe46e,"Electronic Tuners",0e970b24d74e41c09977989775c1d4e8
0d59ec79c41c4d2eb910d49961648c68,"Weight Bars",baa4a6f1c6c34492b07bd3662bc13ac4
0d6c106e45104e2db53ca37e880c8dce,"Disposable Plates",9c53cbbd09ea487499377410c6f333c0
0d82abfaed564e5da04b90c0ea79ad07,"Foot Odor Removers",18a9d5ad48804d72bdbaee2895af5449
0d9499fea8ec4979b5615c22b8766209,"Acupuncture Needles",bee9b9989c5b48d2a8296b1f5cb0d399
0da493317ad6434ab4a3c799b4b2d2eb,"Motor Vehicle Wheel Systems",ea9eda63992844708ad6706809daba39
0db31574ecbf472f88148529a1b0566b,"Knee-Length Skirts",1a938f4bdc774b90bee05aaa118a9cfd
0dd5ad7a0d6349a39c89f584ca865df0,"Brackets & Reinforcement Braces",84f26e3ab9fc48d2beb0c15697c68385
0ddc99cb23394e22be2802d0d8e3df23,"Disposable Bowls",9c53cbbd09ea487499377410c6f333c0
0e05faca43f34f569b8094fd90a044b2,"Binder Paper",b05e8bf3cc394146a9984f2b9d6a5315
0e0e330d6d504302aa09032179cf04ec,"Sauna Buckets & Ladles",975d0ecef5f3416aa84f7558b29f67d6
0e228b4a26fc4d57845fb615eb8413b7,"Table Knives",7fa30b0f8ea947c58429cfde61000cd0
0e29aaee213b48e9b1ca7c02f7c531f4,"Canopy & Gazebo Accessories",1217dd22ec7842458c01f6fb8e8f4ed0
0e2a4c7ec0594930ad32cddaa319a961,"Household Appliance Circuit Boards",270c35de9ba64299abc3c23d651f75db
0e34d4a6eae54e8fb91f576f3bb17b7c,"Records & LPs",263e2c1508ed41a29421a6fa6a935038
0e3e04eb2a494d7b8dfc78cded2c2c0a,"Pet Bowls, Feeders & Waterers",35d457cf921c4bec9aceb86c6c936418
0e426a779a064640abe37b31f625ad88,"Costume Capes",ea4f91a565344ee5a4a663579a12ba21
0e4cfdfa2415435c85560a5690190840,"Laptop Parts",39003c237b7c44da871a2e5edae83df5
0e54f603876249b2ac83dd8ca686971b,"Pickup Tools",a79d5a82ba794f709c151993661d2624
0e5903c8ee1a4116bdf6372c1f4685e5,"Motor Vehicle Cargo Nets",cfb01bc6516d448dba42c646fb89cd99
0e686d3a77114504868c58a1b4985fd2,"Cookware & Bakeware Combo Sets",cc8c2dd971684236bbc4eea544a17cce
0e6897d6504d43068cdf5a802e6c6969,"String Instrument Polish",a6117af244754507afcace3090f761bf
0e6c881a64524326bb75087d552bf8ca,"Ball Pump Accessories",8be26d08b9be47989b83a0d316190378
0e7fa7c53c274d5db6f33f883bcb6f94,"Grass Edgers",246aebf774c149fab6a25047ab63aa7f
0e8b2f13b9c746ecbf02f9cbd40c703c,Telephony,52c88e52608349538a5d06dadcf2b694
0e962e7a45dc4179a69cce09b8e19430,Watercraft,0315bb032a444d85ac728236d3ee0ad3
0e970b24d74e41c09977989775c1d4e8,"Musical Instrument & Orchestra Accessories",7fb6c0dea36b415ba8b317214e5e8627
0e9f4e42b0fa45baba1890ad176066a5,"Reloading Supplies & Equipment",a4870a9b2ecc47448a5ad2716e698eef
0ea1c56a41a24021b94a9ce220e0cb82,"Grinder Accessories",62c1612a96734ff3a022ebf470d36e57
0eb24d876858459ba6834ef3fd1e7aa9,"Bicycle Shock Pumps",e75bd6cf27df40439abca4d2a97514c0
0eb6bada3a9a48d69319623facf6b82e,"Home & Garden",NULL
0ec52c0ad01d4b9399dbf40b4a1fd085,"Chimney Brushes",a79d5a82ba794f709c151993661d2624
0ec7b1e7c6ab44c5be563f092576ba1a,"Hair Color Removers",c02f146f5ce84fe08093ff2149d63926
0ecd29fba6c44a77b9c2c22460d1d36b,"Laptop Hinges",0e4cfdfa2415435c85560a5690190840
0ed9190f774a44b4810ec5a819451d3e,"Inline & Roller Skating",e7cd8503854c4b8fba3ae180a6d87a8e
0eeb8eb86a1c485886b09345fbb58184,"Tonneau Covers",78e70fdc3fc04f34bb14e3804877d02b
0ef244025edc4684a7ca3ea84943f077,Bowls,a0d4c872bfd34d23a0948c9ca3217ef6
0ef61bf2b3ac40d4a4879ff3a443ca1a,"Overhead Projectors",b220d6b7a2a644dca195028333a550d8
0ef87ef58dfa4c6aaae1a2906bf97bf6,"Toy Kitchens & Play Food",ec33cef03628450998c12fef1306bf51
0effab743b2244ec9d943cabb0100410,"Beer Brewing Grains & Malts",b73d1a95b8604a0486325312f192272b
0f03c05b75244be6805d0621bcd71ffb,"Fountain & Pond Accessories",d0a36f4fd9ee4927b976fd327973f2a5
0f0c34ce7e704893a876239ee395ca91,"Wig Accessories",1a64df482e4c4e42849f58b0972e5192
0f109bd22fc540cea89d3d7c83eae303,"High Chairs & Booster Seats",ff6cdc53c6524e3d97156a79b07d3587
0f10b2b052b34f2489de2dd38608585b,"Stock Pots",e48f054e4cd34219ae98870af6d3bdfd
0f12ec706f9f428eae8869b9302f0a38,"Pool Cleaners & Chemicals",ced4cae9050947a284e2b15fafa957a6
0f17a787106641789f1b415741893336,"Raw Candle Wax",2daea90070c141729bdcf16f1428611a
0f1de9a7f657412795637e80f668f5b8,"Vehicle Organizers",cfb01bc6516d448dba42c646fb89cd99
0f26d7bf23b84df4979915a4ca7810da,"Fresh & Frozen Vegetables",ee1ca0ed823e439e8e43a9e091e4b424
0f2a1bdda4d848bf8fe5d23912ca4f96,"Kitchen Counter & Beverage Station Organizers",43c29b5d7b0d4246a3366f3f6ef853b3
0f2ad9a4d4b443b4b00d0cd46609b157,"Bulletin Board Trim Sets",64c9200bb60549f7a2a4802370b33a55
0f2b408ba23440a192268085175cc9ee,"Shaving Brushes",bc697d44db2246ff806dab8fb7b9cb3f
0f386f3cd2c94ce29c3181ad4f4eb877,"Music Benches & Stools",0e970b24d74e41c09977989775c1d4e8
0f3f7b0870ae45cb8cbf1c15c0eba127,"Bed Pans",fbfab5484f1e4f9492c4ab728818dee5
0f444c0aa7f74b74bbb91d448278ecb6,"Face Powder",4f3d7c3a63c44483972b123083046cd2
0f4fda49badb49f0a52d72baf4ab0175,"Dog Apparel",982f2927cc3f4fedb6ffb4941818124b
0f5ddeed217748aa816a9abcf8ac6285,"Pool & Spa",0eb6bada3a9a48d69319623facf6b82e
0f64a4b6bfd841188d7e5d030fdd79e9,Levels,5192d0ece11e4321bc9c2564d88a380e
0f6bf8ff6c074593bd728ce709e3abfc,"Fencing Gloves & Cuffs",4cfaed422e1d4cbeac4d0e6a677fde3f
0f7145a743bb4c5f9ba140014f9e6064,"Putty Knives & Scrapers",a79d5a82ba794f709c151993661d2624
0f7ab83034b14ae3b675ee3ad1cc244a,"Pot & Planter Liners",5de221026978484ba0105fdbb467aa84
0f7f9bafc0df46aca1ed4f4ecc5c656c,"Specialty Electrical Switches & Relays",5facd2776c05417daea2d191d66162d7
0f830155ef9a452bbad9ac77f8641cb3,"Baby & Toddler Car Seat Accessories",dcb56fb206cb4fc5b269b03705a09c5f
0f8e3982bcd346c9b6198439e4033036,"Baking Flavors & Extracts",4d6624ea9526439699204e79fb570ea8
0f9b8a735eb64a5d85a54a2a87ca982a,"Baseball & Softball Chest Protectors",16fb355b226d433583566a76967ae152
0fa344b9491646db84a8c6743c01154c,"Storage Hooks & Racks",a23e2f10145443abae5e797fdc95305d
0fc11fef234c41948a418316d6714a96,"Hobby Horses",69af682ffd9e41d092a6a56c279a776a
0fc17c9e67144bbdbac656a542100cf5,"Science & Exploration Sets",fb4dddcacba249a288b4c4618995297b
0fcae6077a1444428a42c34bad53c44e,"Landscape Fabric Staples & Pins",ec22702e58eb45818b49e93b75a0dcaa
0fdd31a1bfd0448e9ddc35be0a471ca9,"Gun Cleaning Patches",441e03867ca342c7803f0254bc724bd7
0fdf7153286e4153be72d1dc1e7542ba,"Polishers & Buffers",a79d5a82ba794f709c151993661d2624
0fe023a29b7d413da29cd58a10c5035d,"Riveting Tools",a79d5a82ba794f709c151993661d2624
0fe6bbf3e00f4f31957957f389387d48,"Horse Vitamins & Supplements",51d2f59082944e41bda2bad670fc60e3
0ff53e5c9a244d459a5f2f396a80bc2a,"Cassette Players & Recorders",45e1f90af225439f87d2db2f436edc1f
100266d8f5ba4c85a9130e1ddd05da4a,"Bottle Caps",1892f457d24c417899274e6bc22ba666
100473f95bcd4810befcad0b2dad8e21,"Snow Globes",736771f896784f23a6a9a4134c521da2
1014b28c6d014dda874bd1a5e2f1fd67,"Cutting Boards",f407c85bb1bf4f5baddaf2207a83b494
101abbff59ce46cfa1c2426cc859694d,"Vegetable Dip",057a5f17b4e44c3c8fc9c77c8c9a52d4
102aeaab8fa24ba3a391791292aa7133,"Fish Supplies",35d457cf921c4bec9aceb86c6c936418
102cc41f949a47fab7f540b08d62410c,"Weight Lifting Machine & Exercise Bench Accessories",8e1af6b4f2d94c589333901e287c7147
1039e4f721e24e36b350d2ef898164a8,Cauliflower,0f26d7bf23b84df4979915a4ca7810da
103f92306e5342cf886bfa0aa3a3c8ae,"Food Dispensers",f407c85bb1bf4f5baddaf2207a83b494
1050dcd642354d9ca395bac1c54716d1,"Pottery Slips",334313b08bbe41e084bd10959a41d32e
105e4def17ba4fabbbf59251c71512be,"Animal Husbandry",d6c0a3ca810e452fac391ea10b00c749
107ad66bca834ff48efeaa1766e14dd1,"Pet Nail Tools",e84048034d6f49b097869d35ec088b1e
107ba5ab44af47449d86227ce246fd84,Epilators,1393681ce1214dd7b73fa7cb5d02889c
1084a4b38d8e4952bba2d9d00025486f,"Billiard Table Covers",6edfe6b1775648a2af7d357484477bfe
109059d0369e40c284c8298a95be6467,"Ski & Snowboard Goggle Lenses",82cad3d0fd4a456294a77d2ac38658ea
109202ac53ed48b7a3d0b2321be67bb0,"Motorcycle Neck Braces",378741238c504cc7b09c9dd91f61c615
10a5987ab476401e8d00bc8c0d5b3ad9,Winches,d8270aa1f41c4fe2a50f1c7012b05795
10a96b23347b483881c517e4aad8ac52,"Bowling Pins",3e4e739249d5491b8c5d0ee8a2df28de
10b3b6c88f1b4032bf2b5c86cc96d806,"Bicycle Cranks",8f461d775d9943049795462b3026f117
10b4b09bc6104a63bf38beab092e9aa5,"Wall Mount Fans",07ae5a2f1df243949905442cbf8d7e00
10b962b055a3410f97b84b0c7b56ada0,"Lint Rollers",5ec6b5da2bae49ea85538f4dd884ea23
10bbde5e67e84d7b844fe2889349515a,"Basketball Hoop Padding",c9da15aff2eb4517941d69a8d8bda6f5
10d2ca0cc904443987ba0aab5604f02f,"Bicycle Brake Calipers",b65c50a538fe459c86aad8a31b4020e1
10d6b7a5856c4432a8cf05067e195949,"Compilers & Programming Tools",518a291937c844da808980175bcf9dee
10df93ab763141319357dbcd8a03b7e5,"Water Timers",3b5187281711489c88953a571fc0bb47
10e0ff8a528649599f3bfad1a3d00990,"Rowing Machine Accessories",07945bd3d30043299e76269e383925f9
1102e15d5a2b4138ac59bcc7bc53584d,"Bicycle Seatposts",3a818162806745f0b28854e06a8ddf4f
11036192d2c14d629c317dc99db72b04,"Flute Parts",0c0f72a9a7ac4f69bccf7cfc79c3ff08
1108830ca60042c5a964351d59f858d9,"Watch Accessories",1aa6463ccba043db8c79826f7e6519fb
11088d19147c4c29901d7307621ce70c,"Hairdressing & Cosmetology",d10653cd475741179bb820509956b205
1115656a8c6c412e80703e51497dd952,Textiles,2daea90070c141729bdcf16f1428611a
112964ccffe44c5383f1b1b3438fb1c4,"Kitchen Shears",f407c85bb1bf4f5baddaf2207a83b494
113f24e9a8194dd0b56eea181b6e40f7,"Toy Abacuses",fb4dddcacba249a288b4c4618995297b
115023eb47274c55b7254277c2d51156,"Dice Sets & Games",93fd07418ae744b2aa78770860c1d46d
115aa802bb3a46df901505293535b986,Saunas,0f5ddeed217748aa816a9abcf8ac6285
11699f50e3ba44ac8db604f2ee6d4524,"Ice Screws",25963ede86a14773885b4f491b25adcb
117b8ae7b9aa4991897dd602095b3fed,Thermostats,3216c54e2cb546f2ab8163f935ac1535
1180367740104b3abcb3c84e8b132831,"Contractor Pants & Coveralls",f39060334e064f2ab164b29b43bd89b9
119388f614c845fe9595c6226e918f49,"Video Game Arcade Cabinet Accessories",9cd4f3f705d64e6c83067742df395bdb
11ae3f42b7ac4e8c8d2281eaa8d313a8,"Field Hockey Balls",4d6d7052c9c74b3d8979eef3cb65cea8
11b646f9393546e79b63ba655f840698,"Boxing Ring Parts",ad88d04942894946b5f26be87a4f899d
11bd0977d5184cb3affa96de1ed71ce8,"Cooling Racks",f407c85bb1bf4f5baddaf2207a83b494
11da830d87c94cea8691c094601f3f09,"Thread & Yarn Guides",a6e7ddb685ef4cb9a975aeb01486f294
11e9730b6b164f7ea6e91c3a6210b419,"Rocking Chairs",9451b838789742cd9baf8b5a0c77c69e
11f06a32295349bf855ac502a18cc729,"Music Lyres & Flip Folders",0e970b24d74e41c09977989775c1d4e8
11f239723ebe4dba914e91d58c64b04c,Kaleidoscopes,29f6f8ff1bb44386b95167d05d87807a
11fbb6a185464ec68dcfe570d37930d9,"Special Effects Light Stands",9e0f6d1201024033a94f820f2fe6fcb4
1212c68a9b824c1c879ce2ffea6e4b91,"Computer Risers & Stands",2a045451487548f48e9311ef407e10a5
1215ddd36d42482ca9418d6b4e5b7f92,"Medical Needles & Syringes",1d1be79a7c78453cb7efe0113002eab6
1217dd22ec7842458c01f6fb8e8f4ed0,"Outdoor Structures",baa6124c45844bab939f690344228962
1219eb8a3cb846bea5eab4f814f7e1f8,"Bridal Party Dresses",cdc8c44a06b341288aed64d35574038c
121de8418ee549ffb4dccbd9a1314b43,"Money Changers",21e4ddda431c493093b55964f6a7f987
12381332e6fe440a8f814976495b88c5,"Canopy & Gazebo Frames",0e29aaee213b48e9b1ca7c02f7c531f4
123d33bf85834852adb82c428b2449e7,Fertilizers,5de221026978484ba0105fdbb467aa84
12455aa338bf4cfc81918215e256a520,"Field Hockey Sticks",4d6d7052c9c74b3d8979eef3cb65cea8
1248f405bf634379a5fdb5b277bfcbbc,"Vibration Exercise Machines",d25cb482691e49e9ac076f1853bb480b
126749d1cdb14007a77c191b7901d800,"Oil & Vinegar Dispensers",f407c85bb1bf4f5baddaf2207a83b494
1278f23fc09f495abbbfad4eec128952,"Auto Racing Fan Accessories",4aeed596245b4278927250a24ea639d1
128bc556e5304f96b8afaf7d21f22973,Bakeware,cc8c2dd971684236bbc4eea544a17cce
129afb6c232b459283ea62427a71f419,"Tissue Paper",3a047c013a2e49acbc2fe382b9e9902f
12b99f4fa85c4d6b9172648f590bc550,Grapes,c5d300814cbd40e28fc44ea9d2b20290
12b9f5e4e9714d96af3537bca1cec1b1,"Windsurfing Sails",faffdde9bc5346daaf5c79010e907fbd
12c59dc1c1a74366a22da5959c3ea66b,"Vents & Flues",5c1b16a115d14159baa64b17ec91aba5
12ca38e6898a45ec80579a9d77d27ad2,Salsa,057a5f17b4e44c3c8fc9c77c8c9a52d4
12e57d165f11463792abca94882a9cf4,Skateboarding,e7cd8503854c4b8fba3ae180a6d87a8e
12ea151052f64fb2a2cb1f94591dac64,"PAP Masks",594f238de0254ccb952d60f6e305e08b
12f4c186043142c493236d808e1ac8af,"Swim Goggles & Masks",45f65be0fb8b41958b7e51858f11f8fd
13045d85c11141189eca1b95f12aa515,"Jacks & Lift Trucks",d8270aa1f41c4fe2a50f1c7012b05795
1306142a65824e3fbafd7567ca574042,"Windsurfing Boards",faffdde9bc5346daaf5c79010e907fbd
130e15639cfc4a908a0f8031001f3aac,Splitters,5060ca0d743d47d78996971636b48a00
1319810467bf4511ad4b91becbe958b8,"Porch Swings",baa6124c45844bab939f690344228962
131ad67c9d0f48329b10163433ab6455,"Eye Masks",f613f23d852a4f2dae5ff6bc6f97acf4
1326dbb39ef9472989c1ba05bb95ea9e,"Financial, Tax & Accounting Software",518a291937c844da808980175bcf9dee
1336b573269b4f2a806d95ca89544b51,"Piggy Banks & Money Jars",736771f896784f23a6a9a4134c521da2
1337c7562e6f4c16b8c70f41fed49b6f,"Felting Molds",004f791af87148be9fbc832433e4aff8
1337e434ec784c44969bdb9584d608b3,"Speaker Stand Bags",418fec1f0ecf4a79971c04fa3ad718b7
133a86989eb947a98211a31270752634,"Handrails & Railing Systems",87d73845143541abb1aba46b5615dc5d
134497bb664d449b8dde7aa7a3d8373d,"Hanging Chair Replacement Parts",dd6e9e8154a044598aa02abde517bc4c
13570da92fe4424c98404d5fa107a268,"Sandblasting Cabinets",a1c02cb46eb6424b975f6c96f898e926
1393681ce1214dd7b73fa7cb5d02889c,"Hair Removal",bc697d44db2246ff806dab8fb7b9cb3f
139697297cd8444994834ffa4e5efa4e,"Printer Stands",ffccdda2d7c64244b60fb03436d448d8
139d0f0a011f46b194a14841e0c7a01e,"Portable Cooking Stoves",dee5b8311ce54603bdfbc666041ec6c0
13ba59d9dcf9480a946dd57d2fda5e22,"Stainless Steel Cleaners & Polishes",5468bee262f242cf9f0192fa5c9d2af2
13bcc4a0b88d42728848fadf7fcb33f6,"Motorcycle Elbow & Wrist Guards",378741238c504cc7b09c9dd91f61c615
13dc9b81e9e54ca5bd89396df658379b,"Rangefinder Accessories",36ad6b7c2f8b4dd187320d85a72f19c0
13df5e6f7f204f35bb19c7704adefcdd,"Food Graters & Zesters",f407c85bb1bf4f5baddaf2207a83b494
13e70d7dc83143a682e2e5116881f8a9,"Noisemakers & Party Blowers",720906db88a94a23a8e73205d548c533
13e828242a654004930f83de697e7100,"MiniDisc Players & Recorders",45e1f90af225439f87d2db2f436edc1f
13f76cc2f83a495a935d1133d6bf7fe3,"Track Lighting Accessories",3622e4237f634ccd9aefc649976b3e7f
140258e39c4f43e88c271929b7424d65,"Plaster Gauze",334313b08bbe41e084bd10959a41d32e
1406dde197c64a1fa80c65b4d2d99c68,"Frothing Pitchers",4a362ec66026411487f5ceb6d788116b
141b6e0cebd04e3a8e2ba8167098e651,"Food & Drink Stencils",f407c85bb1bf4f5baddaf2207a83b494
1421de4214604b3690b674d0cb36473c,"Decorative Stickers",5f78d739b4e54e638f46d03c076f5527
1431906edb9e425db7d1464b241667b4,"Fiber Cards & Brushes",a6e7ddb685ef4cb9a975aeb01486f294
143262b8c1e342d58e3124b041a7d31a,Networking,eac66d03cb994b698e61769fe134646d
143665db87d845a89f1d8c502cf40bc8,"Tattooing Supplies",1a9a75adba6c442c8ec1b8216fe63a15
1456974a9c094a45b4ddd45276288397,"Food Heat Lamps",29de56b8f2204f3086d404e713fb4853
145ef1bf572d4dfdb67e82f456841cdd,"Pulse Oximeters",3b6d4a7d39684948baa2c7f8fcfe73c9
147d1e3a764240289cb8d1c0eabec20a,"Honey Jars",340456d56bec45d8a0ffcd3b1d4efd90
1480055936174712809f30a6493d2374,"Tarot Cards",c2b1e1045e2942498ac0f99e603bfcdf
148401be83694133ab469e36bf272151,"Fondue Pot Stands",fd7b337a90a541f3bd176873a1649617
1489bc3f30d84dc4bcd16b0f3a2d9638,Tweezers,934bb38b1bb746429cf611c1529e1726
1490f408a0af469596eb44ce69867797,Ashtrays,c9eac3143e0c4484a9ab58bcf387b670
14941ac305034f098b38f48f9e050c4b,"Unlocked Mobile Phones",f60d02f721434f46aab6857dd6158da0
1496fd4fe9eb4cea9026ca2de3ce7c4b,"Broom & Mop Handles",d5d0c6096c9e42f3afb08af30ed943aa
149a791501384535be4cd629d3fd6309,"Work Safety Harnesses",85e9c40f71a046d58ef3ac23df097b07
14a07875780e47ffb217f77e47a60fc6,"Frozen Desserts & Novelties",bb6798e9aae746f0b14d8dca9d7c6a67
14a7e08db2404c449c2a8f002a6de23c,Futons,09241892c5a049ea9585ee41269b2abc
14aaa27def0347f5947df79862c01337,"Bald Caps",ea4f91a565344ee5a4a663579a12ba21
14c5b6acd8ff417ca33cc438f29c04f0,Tetherballs,30249f4d15904a36a096b3fdf48824e6
14d0d56b9bef428b896c926bedc03715,"Tent Accessories",a2676ffa9dd449c0b108111a66c5dfd0
14d8c2bdc8424af89ff30a828b777269,"Motorcycle Goggles",378741238c504cc7b09c9dd91f61c615
14eb64005d5b47c9a37866972b920d22,"Pool Covers & Ground Cloths",ced4cae9050947a284e2b15fafa957a6
14f9cedac430442fa1972fa1e86b8462,Squeegees,d5d0c6096c9e42f3afb08af30ed943aa
152218c60c8e48b8aacc02d667452539,"Musical Instrument Amplifier Stands",a2d3349876e24aa6aabbeb875383730c
153abbdebb934613a1dc70428c6c3356,"Studio Stands & Mounts",a32dd933c9ca4aa8980ba123b2ef95b6
153db8cac57c4d81931b89cc5a23725a,"Dexterity Games",93fd07418ae744b2aa78770860c1d46d
154a3072e84d47b6b802100b19360ec5,"Hair Removal Wax Warmers",1393681ce1214dd7b73fa7cb5d02889c
155d7f4b4b8a4b5e93bed125b48bcbaf,"Pipe Caps & Plugs",bb225dcad9c24c289d332c2d3945170d
1560604ddbdd447a8b43f6b26ebea48e,Plants,0eb6bada3a9a48d69319623facf6b82e
156bba2ed9504d0bb79ba9f4ade26a9b,Kerosene,4341b98652c0432780c4d770dc2bfc67
1572b1f2ef36464285fc3c6d5415d85c,"Rain Chains",736771f896784f23a6a9a4134c521da2
1578220571414d5987ccf2f637f92a44,Bakery,bb6798e9aae746f0b14d8dca9d7c6a67
158c78bd030040a9a7550d07fe86574b,"Pretend Shopping & Grocery",ec33cef03628450998c12fef1306bf51
15a31eb4b1f54ec0a45258717a83221c,"Craft Wood & Shapes",c7bd1674c22d480b8ef87908f53b5bbf
15b0c8e81f494c8c9ac91c8987cd6e6e,"Robe Hooks",724a7f0abb3c4d70a645d34933e40da4
15b7c8bbfe724b2ea2c48040e3967c98,Chippers,8445abde659b4933be8aff12da4050df
15b964b10ae54094a97c402439f4ebfb,Gaiters,4cf378fcc23a412f8e535074ce600927
15bfa533c4f6496b8adae6f7dcdc771c,"Martial Arts Uniforms",b2ba9eaecfd843acbf142c6c46a92522
15d322d46985408a8d17d62030509331,"Projection Screen Stands",0be8e482b973469cbaf7a94ae6dddbde
15de5b754f1a49dba842a74756c35777,"Racquetball Racquets",9c254f4d4312428b97653bcc88ea1bfa
1613f55d8c954cb5b0f291bf44464207,Doors,87d73845143541abb1aba46b5615dc5d
161d0d097fb24fe1b402a24e3c1237cf,"Magic & Novelties",7fb6c0dea36b415ba8b317214e5e8627
16271d8e1b7b49c8a808ced9413ab154,"Inline & Roller Skating Protective Gear",0ed9190f774a44b4810ec5a819451d3e
1638e4f4e66146899e064900f27abb89,"Vehicle Fuel System Cleaners",576cfe3d5ee14ffe881cbfb3a3e77428
163d74877c4043b9b6ae301d8a71eee0,"Video Transmitters",748fbbea094e4ee391a7bd30875db030
164734fca9a94fec89aeca54b9751a5c,"Ground Spikes",84f26e3ab9fc48d2beb0c15697c68385
16582ccb5ab741d8b196c110663d9a19,"Tablet Computer Parts",39003c237b7c44da871a2e5edae83df5
167c1cb9c53b42d5b0aa07723ce05204,"Bicycle Tire Valves",3a818162806745f0b28854e06a8ddf4f
16829921dc014379b8d097db04080acb,Swords,212320e64465474ca9589476eefc6d6f
1690c859de38412899d33fdc0f93e98f,"Baby & Toddler",NULL
169164e3abd345b5bedb33863e280ed9,"Back Care",934bb38b1bb746429cf611c1529e1726
16bab45e4c7c411bb49daa19230d4100,"Spray Tanning Tents",934bb38b1bb746429cf611c1529e1726
16c5919a2f6b4c3280b861e219369018,Forks,7fa30b0f8ea947c58429cfde61000cd0
16d3e99d0cce4eb8a4beb539f6c32869,"Game Remotes",5f92dd63fc5b4919b3b8cc76070a941b
16d7cc95f8b44faa9e5e81b999d01e3c,Undershirts,ad0702d9fc2044b4842938f311ce300f
16e326407ecb42e3b58645cfe4f3b64d,"Kitchen Islands",99a302b0c46242f2bf1956c939615220
16e8c77ab012419c9d1a466a0ac02e41,"Easter Egg Decorating Kits",3f8a2fd8ef26470e9d6c7821739abaa0
16f3b7f2aba24007bba24d1543dff3f7,"Lacrosse Equipment Sets",4d6d7052c9c74b3d8979eef3cb65cea8
16fb355b226d433583566a76967ae152,"Baseball & Softball Protective Gear",cece328c1cd6469fa90f13d8632782c0
170124c341b94e55887a16abd7f8ff6a,"Luggage Racks & Stands",01349049ba574135bc637b6f29ec3441
170972fa2c5d4e179761adaa33514883,"Pizza Cutters",f407c85bb1bf4f5baddaf2207a83b494
170d59e4b9d446ce8f1bc46c581af6fe,"Power Trowels",4e8e3e1de17c4506bb6ab78de7842c1a
1718538673d04e20982b5419bb5f1409,Hammers,a79d5a82ba794f709c151993661d2624
171ee2c3120943c7a0061c5e104126a1,"Home & Interior Design Software",799f4c17979c409bb09c5c765e860eef
171f50aa7a22476abd385ed43366fe08,"Egg Cups",5c672d6d147a40c1953d655d2e3d882a
171fd5ad1d204eb3bc473b578edadaad,"Ballet Barres",5fb8eb5b837046578ad28f216011f14b
1723e3e13f9147bbbd60ff44c56fbea7,Euphoniums,ea423c88bacc4f3b8b704c252ce61bab
1728034d71d14d799177f942244b3c14,Palettes,e111f281321a46a8bf101c6139c96886
17347a22969b47fbb1857a1369dd159b,"Saxophone Reeds",be9f5f56dd534dc0af899e9cfb75b60f
173c516412ab4c399777a4c9fdd34a37,"Educational Flash Cards",fb4dddcacba249a288b4c4618995297b
174649b34bd049fb9ec70ab741410aa6,"Heating Pads",8bc1b3abd77042af93067d8e53028f92
176a0bb8d0294d7c9805d53a5e1ec8aa,"Cricket Leg Guards",36d0c590b02248a2b8e5ba46f30febb9
176d41cb321641749b41e5e0e67ceec2,"Bird & Wildlife Houses",736771f896784f23a6a9a4134c521da2
1791fda9da9342d7a9a86000feb50f87,"Bicycle Jerseys",e12e0dcb0dfa4b07b132699fb4b5fdf3
17b786ca78d048d9929729926fedb419,"Vehicle Headrest Hangers & Hooks",cfb01bc6516d448dba42c646fb89cd99
17c3b299b6a644aabacc825d5472a2e0,"Lotus Roots",0f26d7bf23b84df4979915a4ca7810da
17c3d8585f17408b90bf424096445a7c,"Nutrition Gels & Chews",bf1953deba014db2893139e0ea22046b
17c40ac4fe2b49ee9931dacf39b3fc7e,"Circuit Board Accessories",3598f0fe4f1f4025bc80f76ed6591584
17cc3b0b8a3a49859f434ff194c88dc9,"Paddles & Oars",df67fb05a2df45fd9d429920089a0a50
17d102033c7544499d261c642d4bbea1,Coils,84f26e3ab9fc48d2beb0c15697c68385
17d8941104d541c6a800ed268693bfcd,"Tennis Racquet Grips & Tape",f3cee97e6bb7496194c9d7ebfccfd550
17da410d943b44fa9faeab3b762918e6,"Bed Canopies",0a5683c8138e4e26bb6e66486fcee8de
17de298516a34a869374030a832f4bdb,"Sorting & Stacking Toys",99c499fb35eb41ffbde7725c2698e88f
17ecccda94fe4ef2a577661fe28950c3,Mustard,eabe55d6797049fcba4a602c00dc0fde
17f09ca6c157466985f143be4a8bb4bc,"Office Chair Accessories",880f17b556704305874973ca0e040d3d
17f8a0c6953f4899ac3515af4cb8af60,"Tool Storage & Organization",84f26e3ab9fc48d2beb0c15697c68385
17f9bc21456b4af894df914eb2f530ab,Violas,9f7e859370e949a48898ba52415492c6
180e974d0ac149e8be2d2a0e53d2fef2,"Hair Care Wraps",94794cf0ab254402ab3b89f251da2be3
18212d287ecd4f46bfac193cffa7f408,"Pneumatic Drills",cd574747876c411aa77c02414ef10b3c
182f22d8773e4388b067e75db6f1c3dd,"Mailbox Posts",1d881c1ab1934716b13c3ba093cb7a67
182fe1b2444d4ec1b6c692efafa9f392,"Cup Sleeves",9a2b847ab3244bcb9373162836f7e77a
1832ae3d4c6a4f4ebc957a90b7d46aba,Paintballs,eebaeec5acc146578cc931b643786d8f
187acccbfdd84ddb9bc254969b3031b6,"Carbon Brushes",52d1fd47e8f64385b659d2bc6ef88e4e
189099334b634480ab0fecbee4702497,"Hunting & Shooting",e7cd8503854c4b8fba3ae180a6d87a8e
1892f457d24c417899274e6bc22ba666,Barware,7f986ce3180d488cb6d2cb6f30dc54fc
1893e93644ca4e54853acc4f25ba5c45,"Food Storage Containers",340456d56bec45d8a0ffcd3b1d4efd90
18a4b012aecd4713be000afc3ad0f071,"Wire Partitions, Enclosures & Doors",e88faeb11cf14a5aa9823010041cb6e0
18a9d5ad48804d72bdbaee2895af5449,"Foot Care",934bb38b1bb746429cf611c1529e1726
18b1386088344a0f869da040622c87ea,"MP3 Player Batteries",f02fd715604e49d997a5a5fce90ec58f
18c549e27f3f4c88abed74216d16eaa7,Cabbage,0f26d7bf23b84df4979915a4ca7810da
18d97186042b4ae692aa6167052da107,"Decorative Nutcrackers",ffc3b1e7bdde4c56aac26a9463f0199a
18dbc25f4e534fcc98fba980e781b384,"Ramekins & Souffle Dishes",128bc556e5304f96b8afaf7d21f22973
18e2bf54046a4472952943c1fb5dd8ad,"Office Supplies",NULL
18effbdd24e844fbbe7709844750ecb8,Invitations,720906db88a94a23a8e73205d548c533
190991c9ea2049fd8dfdfc59b315a646,Mangosteens,c5d300814cbd40e28fc44ea9d2b20290
19185992a49e4950a45e1a7ae3e0b7e3,"Candle Holders",4d782156a1a74f90856bf296dc5b5690
19282eaafd134533a190f6f6a4e182ff,"Camera Remote Controls",7227db6be4be425a8092aed3d772f297
1934c280fe414fa492ada65f707f11b4,"Oboe Straps & Supports",ac55c9d77b3f419c920820ca6138ca10
1947c98c569b424cbace667419dffef2,"Oboe Parts",ac55c9d77b3f419c920820ca6138ca10
194e8fdea92640ab91025e61582f605d,Syrup,eabe55d6797049fcba4a602c00dc0fde
194e9bedcb8b470d9c5afcef314be900,"Humidor Accessories",c9eac3143e0c4484a9ab58bcf387b670
196e235198f1486b9ea197fac0037488,"Log Rack & Carrier Accessories",f15a4e379dbe4798923182c761e9c202
19919c006b6b415fad2ab2bb5292589d,"Car Wash Brushes",502a4c86fc8e407db48cd4622b882a75
19a0aa09515242f4a90f202953941c8e,"Game Timers",5ccdc22516cc4b03b43e43fb7db4d267
19b247d8c70a41f09877764da140c120,"Bassoon Accessories",8a57d0ba7f6a44a7b98b8850ba1d8566
19b63169f5214ff7a501a3ab6c1aeed3,"Party Streamers & Curtains",720906db88a94a23a8e73205d548c533
19bc51c8b57c4145b0dd9bdfc01c71d2,"Laser & IPL Hair Removal Devices",1393681ce1214dd7b73fa7cb5d02889c
19d54dac5f764d6b910e23bdf3834310,"Saddle Racks",4d8cc4dddeac4faca8e4d864ffe30b3d
19de8921c6d242fd83fd28bea22a0897,"Body Powder",1a65e02411ae475a90f0f147a6b49785
19e761e530d3430c87513b1db9234db8,"Aquarium Air Stones & Diffusers",102aeaab8fa24ba3a391791292aa7133
19e8570173874f3997dd6f04dce9d272,"Pet Waste Disposal Systems & Tools",35d457cf921c4bec9aceb86c6c936418
19ed5ec3e06e4aac8eab0906c302050c,"Hard Drive Carrying Cases",4ffc05c093234b1d91931c7bf71e239a
19ede4c02d684c89a7b01396afcea9b7,"Filters & Screens",84f26e3ab9fc48d2beb0c15697c68385
19eef58a0e9a4313bc371b1757e50256,"Pinback Buttons",ef30792f4b064beb9a1f2c2464c2f488
19f7f061139043698034c200874afe97,"Baby & Toddler Gloves & Mittens",2ee1c8c795644ce3a5fefa91813cae1c
1a1d0287224e416aadbf75865a93a91e,"Photographic Enlargers",e7eac48a1d30469e9f1b94301f7362d0
1a1d864f6cc9478588ccbdf2f8625363,"Tennis Ball Hoppers & Carts",e67a8cea6a08498ea9f26964dee18f31
1a217c2339864e5fb89327cb54a9ff84,"Lawn Mower Accessories",ee1d8bf242b141b4ad21b0995c19ab85
1a221bbd9cf4434c95002df2b567238c,"Watercraft Alternators",2f7db9ac663b48728f747d5a47bb67ea
1a2bfdc6c0994d9ab3be6b7cbc656adf,"String Instrument Accessories",0e970b24d74e41c09977989775c1d4e8
1a3d5432df204437ad85729965f0cda1,"Bed & Bed Frame Accessories",926480a6855c488fab5211f837fdf02d
1a64df482e4c4e42849f58b0972e5192,"Hair Accessories",ef30792f4b064beb9a1f2c2464c2f488
1a65e02411ae475a90f0f147a6b49785,"Skin Care",6ef227cc0c8348108e4bf6c0c55cc07c
1a773b089aba423797234bc0c37e298c,"Brush Mower Attachments",1a217c2339864e5fb89327cb54a9ff84
1a938f4bdc774b90bee05aaa118a9cfd,Skirts,1e6db7863e0c43bd9e710be8c6030d45
1a9a75adba6c442c8ec1b8216fe63a15,"Piercing & Tattooing",d10653cd475741179bb820509956b205
1a9ea1ad02aa4ca2b058bab7c72e1cc0,"HIV Tests",0bec73744b054b67adf32abfc65dc869
1aa19acba8214a9abd4a9104d6c923f7,"FM Transmitters",6dd4485cbfe84a5e97e93123a1c97fe8
1aa6463ccba043db8c79826f7e6519fb,Jewelry,9b5eba81b595432895154fb34dbf5803
1aa83dd7f80148b6934983fa9d5aebca,"Take-Out Containers",328b8401ccc943e4bc3cc920882d708d
1ab4d583fdd64e86ad07a32e01a1ce6c,"Checkbook Covers",b52063fee2374d659198159d247e101e
1ab9fde0f92a4db78f99996204dac233,"Egg Replacers",4d6624ea9526439699204e79fb570ea8
1ac6e1156c6343b7a71793254103e69d,"Soccer Shin Guards",a95fb6263e3a487d92000ad5d76ca9b3
1ad495d84472408c888e52c38d8f27bf,"Liquid Hand Soap",9c5e04b51d64482d861cecb61081235f
1ada3bfbe80b4123b82431c1cdf50c1f,"Traffic Cones & Barrels",09ea430b10bf43b78f70abdd3ca30589
1ae2f2f9e47e4791bde0782ae5b6b5a9,"Vehicle Glass Cleaners",502a4c86fc8e407db48cd4622b882a75
1aec194e2edd417c849d50dbdf93da97,"Work Platforms",642b2878d0134f079ac67f3417dca19d
1b03a7c061dc431688ab5de28da3e08d,"Disposable Lids",328b8401ccc943e4bc3cc920882d708d
1b0eaf8ae0e447669f1ffd38feea2a30,"Security Monitors & Recorders",2a2f72fada8c4743947484e30385291f
1b1339ac35664c1aaccaec1784964f76,Snowmobiles,5bb7d6da8f574d63a3645a916a6b60cb
1b190543e4ce4200ba2cf39436a0f4a2,"Wooden & Pegged Puzzles",71bd331cd8934b8fa3cd18166da97d8f
1b1bb084d5e740a4b48df1054170fc20,"Waste Container Wheels",e26e8d844e564b4e85840744a0332bdf
1b278d71cac04a8b9e6f889f3bf19283,"Power Inverters",52d1fd47e8f64385b659d2bc6ef88e4e
1b2b4d6cdec9486c8b4016b153a346d6,"Orchestral String Instrument Fittings & Parts",b713a7b2e80a467ab67c8fa79fc0a82a
1b3ea337aee14c5caf9c026297269510,"Fanny Packs",206b429f8a6e46fcb13a8e2cfbd07b64
1b40860c58ae4bb48b58c45f93fea8fc,"CB Radios",7d4e0a76070446ef84cf2c681623390e
1b46ece4eb61447f85f956aff859b246,"Straw Holders & Dispensers",43c29b5d7b0d4246a3366f3f6ef853b3
1b499cd3865a4505bc5ae953eea27267,"Weight Lifting Belts",8e1af6b4f2d94c589333901e287c7147
1b670f7fc0db4a399b1bcac3e02370cc,"Canopy & Gazebo Enclosure Kits",0e29aaee213b48e9b1ca7c02f7c531f4
1b759ef9160f4b87976163cd55ccdcbb,"Rebar & Remesh",87d73845143541abb1aba46b5615dc5d
1b7622f44ca0424ca9d64e84e83f839c,"Camera Film",7227db6be4be425a8092aed3d772f297
1b7d9d41986a497b9de2498a24d40247,"Network Security & Firewall Devices",143262b8c1e342d58e3124b041a7d31a
1b98432f6370486aba21725df83980db,"Cable Tie Guns",8b85891e2c1f4964bb0cb6ef5c8f8a5f
1baae26756c746a9878fae6c4ba69ee7,"Perfume & Cologne",6ef227cc0c8348108e4bf6c0c55cc07c
1bb8184b463b40a79aa0473c08896191,"Personal Watercraft",0e962e7a45dc4179a69cce09b8e19430
1bcdef2a8613433388680ddaffa2d04a,"Pet Hair Clippers & Trimmers",e84048034d6f49b097869d35ec088b1e
1bcffb8cdd844bffa088a416a5adc761,"Inspection Mirrors",a79d5a82ba794f709c151993661d2624
1be25d1e1aec4da9828e0efd3c2fcd7c,Capos,770f98fb900e42f4adb312c07559a5c8
1be3fe665f974e22941dbb58255670df,"Massage Stones",273034b555834fd781099745bda8f5cd
1be5ddc8dc3f4294acc3a026a672eafc,"Erotic Food & Edibles",ffe01682fee64295a270641fb6fb3d51
1bfdb2c115b249daac9f7f1ccbd54bb4,"Trophies & Awards",2867b8a215a6418a96207f28329d64a0
1c0a5cd192f74f498514643784987528,"Outdoor Tables",666891e2903c41c7a2d997d31ee7da79
1c163cf79dd247b296eaa1fdd54c3a33,"Label Makers",990668023dca4a36bc3524624676d309
1c1c39092792444da6915556d4e1893d,Cameras,8effa8843f2446de8b334b1e7b2eb1dd
1c1cd6f42ac0429db3b7231f479bb8c2,"Spinning Tops",444d7a8f6a964104a5b12731d19c59b6
1c22aeb2a9d0411c8e5bbcef567cf467,"Nut Butters",057a5f17b4e44c3c8fc9c77c8c9a52d4
1c34780b4049441c8cadd363be82f881,Amaranth,cf1378df2fce4222ba3fc7dc06d6256a
1c364cc9d1314d9898a066a5f67b0ef6,"Tablet Computer Housings & Trim",16582ccb5ab741d8b196c110663d9a19
1c3f145166314977af7220498f527fad,"Deli Slicers",dee5b8311ce54603bdfbc666041ec6c0
1c4ad72eca334cbfa3d15b97eec32e37,"Pen Ink & Refills",76e02baf0c664aed91f064874a78ae43
1c6bb9febd084ec9ae0407c8d918ebef,"Pet Nail Polish",e84048034d6f49b097869d35ec088b1e
1c868dbb3dff460da85dc11552f80e8d,"Shot Glasses",ae8738f139f245bdb86320e707d17526
1c87bbdeb9d344fab1cd89a2fec4cbec,"Kite Buggying",e7cd8503854c4b8fba3ae180a6d87a8e
1ca594eab0794c158a97564875623f2d,"Bicycle Child Seats",e75bd6cf27df40439abca4d2a97514c0
1cccd73a0d4e4041a67b098f1e3ad826,"Lip Balms & Treatments",1a65e02411ae475a90f0f147a6b49785
1ce27b94dfe944d9931c389c56dedf0b,"Dental Water Jets",62bc3c6bd55947cfb9d4c31c9a2fdca8
1ce7fbb863094e998beb312cc85f03a1,"Horse Treats",51d2f59082944e41bda2bad670fc60e3
1ceb61f4e66d4af394283ba1c0d53128,"Battle Top Accessories",93fd07418ae744b2aa78770860c1d46d
1ced3cbd1b864a05aaf8c86dcb295a2f,"Corded Phones",0e8b2f13b9c746ecbf02f9cbd40c703c
1cfb533d8c6f4ac4879ef9c1fd7866e9,"Tobacco Products",5768c03d8f5e475ba2415dfa38866269
1cfd9bbd58c44459b4c5183632ab37ff,"Basting Brushes",f407c85bb1bf4f5baddaf2207a83b494
1d0906af174f4049a128d904addba90a,"Hooks, Buckles & Fasteners",84f26e3ab9fc48d2beb0c15697c68385
1d15e792e9b042619aac4cff69344b6e,"Electronic Filters",3598f0fe4f1f4025bc80f76ed6591584
1d1be79a7c78453cb7efe0113002eab6,"Medical Supplies",688493fa316d481b89fef9dc6b376f39
1d1c2b314250409f874722fa80be1b3f,"Holiday Ornament Displays & Stands",3f8a2fd8ef26470e9d6c7821739abaa0
1d217b1f158f41f4990426f31ce180b2,"Game Controller Accessories",70b26f7b7b984c5fb6e44896f3063e8b
1d27efc4198947d78af260d73072be1c,"Thin Client Computers",c52a2c331a2240c6a265b6272320ac00
1d2c5f8a1aa74a6ca22d9e26d5a08f54,"Catchers Helmets & Masks",16fb355b226d433583566a76967ae152
1d319e20a29b44eabd65b6c7328d35a0,"Electronic Drums",ae8eedb1211e43aa9b3fdf3e21160a0d
1d3599ce5aff4dfe8afdac6e7008680d,"Slide Projectors",b220d6b7a2a644dca195028333a550d8
1d67541b8ce442218131f959dc9ef245,"GPS Accessories",eac66d03cb994b698e61769fe134646d
1d736291972a439d8200b3ae14ba7557,"White Noise Machines",f613f23d852a4f2dae5ff6bc6f97acf4
1d8380a50762451d95e8f4b4f5bc877d,"Flat Mineral Water",a11daa4cbb47498c8a8e09b7c224fdbd
1d881c1ab1934716b13c3ba093cb7a67,"Mailbox Accessories",736771f896784f23a6a9a4134c521da2
1d8e09ff9ef145cda1218d625348be28,"Musical Shakers",ec558a91fc4d43d3befb982bdc7d6155
1d906f0d219f489d849dc853e181f9a2,"Plumbing Wastes",f20ea49fa4934e0e994be9a03c657e6b
1d94da1f2c334bde9153201d2ca3372e,"Memory Card Adapters",572e378814344bf4a80a82755b0678fe
1da514c7841d4b3db2a7e4457a966b29,"Water Polo Caps",a615b12fe2894d9393c976e3b0d2e305
1dabd6cbadc34d7596e79f78a10a825f,"Bowling Wrist Supports",3e4e739249d5491b8c5d0ee8a2df28de
1dcef64dae5e4b458785b5aa22524cb7,"Arrow Fletchings",d403498ff7294ec3a8571ff3f3bd68eb
1de00db9691d452cb617f8c511157f51,"Air Hockey Table Parts",236bf9bd50ea4679be45a03e4a85fcc6
1de506fe72d343008bb9f5ee033cd9c9,"Bicycle Helmet Parts & Accessories",7792a6219f664e3cb8a336015e84055b
1de8e9dcbecc4f3fbf5451423ff6d4f3,Ovens,dee5b8311ce54603bdfbc666041ec6c0
1e0c4a6abfc0481fbee1bbb50f084345,Corkscrews,1892f457d24c417899274e6bc22ba666
1e151ebbd315459e8e212d3f00b528af,"Portable Showers & Privacy Enclosures",bb0e86da3e674d039018929fd6b83fed
1e170ed4051f4659a4053f54ffd7b9a0,Sofas,09241892c5a049ea9585ee41269b2abc
1e42baaea9334390a6cc0a9f34c0d7cd,"Feminine Pads & Protectors",d344280ae1834730a13a3cee4c9255a3
1e435d2717a34578b3c3e5b174613251,"Accessibility Equipment",3b9bf7436d2b4fbfb73b6b482e93b2a2
1e543178d2504c5180013e9d6897c4a4,Lattice,4eac34a92711463283d2c1edfb1850eb
1e5f4e87763f4bfc9d56abb91703e024,Walkers,961efeca1b044f28bebb56f859b35968
1e6b72c14b2a4b64b55a571ea42a19fe,"Handheld & PDA Software",518a291937c844da808980175bcf9dee
1e6db7863e0c43bd9e710be8c6030d45,Clothing,9b5eba81b595432895154fb34dbf5803
1e861eb637474a35ba59f2169262c691,"Eye Drops & Lubricants",fa784ccfc4dd4a2ba3f2bb6a81c3ee81
1e89eee7db1240fb9e65496499a7be6e,"Toaster Accessories",96f9285ca4f34378897ed53241e3a49c
1e9cce1ef78e47a680bd7f0a983cde9f,"Sauna Kits",975d0ecef5f3416aa84f7558b29f67d6
1ea4d16d61294f188067d5a0d1eb8f8f,Surfing,d1f885f9e4f0449fae7a41aa579f6a30
1ea8c21b35fa4f7ca057b19b6006864c,"Lacrosse Goals",4d6d7052c9c74b3d8979eef3cb65cea8
1eaf3acfffd84d10a841b44108d13e8c,"Yogurt Makers",dee5b8311ce54603bdfbc666041ec6c0
1eb94da8b03a4fa695259e0b1dd687c5,"Aquarium Lighting",102aeaab8fa24ba3a391791292aa7133
1ec384e9c0614ea6823a2466f3dad751,Sandboxes,5b846d50ac264f2aa3225bfe68273329
1ed13d79043b450aad5d995b5d7ab7bd,"Wine Glass Charms",1892f457d24c417899274e6bc22ba666
1eecd9a0cb9c4fda89cf27f45a2cdf65,Toothpaste,62bc3c6bd55947cfb9d4c31c9a2fdca8
1eef22a11fde44a09b0f4114940711c5,"Outdoor Beds",666891e2903c41c7a2d997d31ee7da79
1f06c7b6be804bcca7c9c03542c7c128,"Toy Spaceships",402828fb153e44fd9f234f917719ba30
1f18b656e1ae4baaae604c9dca134568,"Log Racks & Carriers",f15a4e379dbe4798923182c761e9c202
1f1f5ba0044a4598a1309e07ffbd85c0,"Window Treatment Replacement Parts",ebf27f9f6f0e4e9fa85e99d2e5c70fe1
1f20b9672803432a94a1b874d601be82,"Facial Saunas",ee410a501e5347a49af85f72f7b6c71f
1f288d60a0694b249b7f160457e0cde9,"Hot Drink Makers",dee5b8311ce54603bdfbc666041ec6c0
1f36b729ce0c4d21ba0619a5ffcd2f50,"Recreational Vehicle Storage Covers",5809f0ffe3d2458da8414a0c16c5037c
1f392c458965465b90cf76bfa9f83d0a,"Bathroom Vanities",4589862fb2184d69ba1860e9c81c18a9
1f44cf703c054dd58a96330a0d9e2fa1,"Hunting Clothing",3538cd1bbf6e441bbef284343077ea33
1f468079cfbc401cb7755e92df204830,"Laptop Replacement Speakers",0e4cfdfa2415435c85560a5690190840
1f51c9d0b31449e2b460548afc075d81,"Hammock Parts & Accessories",baa6124c45844bab939f690344228962
1f5a323905f9401990ff08d323a0692d,"Ice Skate Blades",e8df1aeff6a9480ea05b0d4579c57aab
1f5f3681da75454b959d33efdd2cfb4f,"Fishing Rods",8d3b63e7bb3946de80da5418a955db89
1f7a5a2e44be475fbfe9e0ea008a33bf,"Studio Lights & Flashes",a32dd933c9ca4aa8980ba123b2ef95b6
1f7cf5a06b274349a171525cc50ae74e,"Corsage & Boutonnire Pins",3437708ba6264f59bead113c4f27516b
1f9145d109ec4892b7f7941ca2175d76,Manufacturing,d10653cd475741179bb820509956b205
1f9277d7e07c4793841e7590f639d470,"Gun Holsters",a4870a9b2ecc47448a5ad2716e698eef
1fa9bbd33c0f4d0094a6217930a114a5,"Buttons & Snaps",f724105d627a49a591daa332de121847
1fae3b8a37a74c0486979d1435f06637,"Fence & Gate Accessories",4eac34a92711463283d2c1edfb1850eb
1fb92b5105ca481db19c8d796b91ac36,"Mobile Phone Charms & Straps",25c428ee1bf8431d894b136b1916c4b2
1fc8a30fa9b54262b36d405cbc5701f6,"Teeth Whiteners",62bc3c6bd55947cfb9d4c31c9a2fdca8
1fd6e0f331c0425194738b6a7e405091,"Alcoholic Beverages",9bca676fa9284974b05be95ddce8788a
2011449ed18245658076379a01cf9f94,"Pallets & Loading Platforms",c6586014ce744dbc8ddbc02dc744faf3
20130e1eb41044ed8187523c9ffd76fa,"Privacy Filters",b79b8e5432574705aff2794ea48de19f
20177d296ccd471d99b801f995317c6f,Humidifiers,ceba68b723e344c7bbb767a00c4d17c5
2017b0ea677345fbb67197734feec32f,"Baby Safety Rails",65e9a33cded9490c8fb250f5a1d93d4c
201aade540ac4715b9e0628c3f1f573c,"Hospital Curtains",688493fa316d481b89fef9dc6b376f39
202c4942db774a21bf63e5c5d9397497,"Anti-Aging Skin Care Kits",1a65e02411ae475a90f0f147a6b49785
2043fb6ddb8d47939bb82b626494cd9a,"Cream Cheese",057a5f17b4e44c3c8fc9c77c8c9a52d4
2052a138a42e475294c52fea8c628f21,Wrestling,b7167af0d9d0486a9e6a91a8a212476c
2060daf2ad334c8b9ea498469718e6e5,Crutches,961efeca1b044f28bebb56f859b35968
2064ba9ec42d45e69c26aad49e68b49f,"Household Storage Containers",a23e2f10145443abae5e797fdc95305d
20673bba1a754a3f9830643dc77b1f1a,"Punch Bowls",5c672d6d147a40c1953d655d2e3d882a
206b429f8a6e46fcb13a8e2cfbd07b64,"Luggage & Bags",NULL
207c4540cf6b4a4391678464948b1b13,"Bird Baths",736771f896784f23a6a9a4134c521da2
207e4f9ceb62490e846c08350df3a041,"Lip Liner",9904e46d0dfa44738b598c1984915991
20817477d4f644a4bf8349585f1fc182,"Hair Permanents & Straighteners",c02f146f5ce84fe08093ff2149d63926
2083fdee1cc94c709e66c25272d39db3,"Motor Vehicle Speakers",becf78e0244048f1b0cbf2671397d52c
20855468c93b4713a45bf0eda9ea27d2,"Tool Knives",a79d5a82ba794f709c151993661d2624
20893f6116ed4050a175ecfc700c0320,"Bicycle Skinsuits",e12e0dcb0dfa4b07b132699fb4b5fdf3
208b90082ed74c38916b3e1b88627d39,"Keyboard Protectors",b79b8e5432574705aff2794ea48de19f
2094c50a31c44d518a429f3c97edfc56,"Shot Puts",ee3ace6bb25747deb4c62f1e7b1d829d
20a16ee6a33d4c809628824d974c69fd,"Mail Slots",736771f896784f23a6a9a4134c521da2
20a7150a5dac46d88eed258f24d17216,"Toy Gift Baskets",2793522383db4f7a993b4cf2ade5c7c6
20aaf983cf324bf58091a05df7f1617c,"Aquarium Stands",102aeaab8fa24ba3a391791292aa7133
20ab97c0e4234aa3b3165b2812b337fe,"Utility & Cargo Trailers",6c163939a40d45d08da3683bea3f72e1
20ae3da0ad5142349a6dbf4085ae346a,"Bicycle Fenders",e75bd6cf27df40439abca4d2a97514c0
20be7ae5a94e4a2c89076c3aff6d062e,"Pet Food Scoops",35d457cf921c4bec9aceb86c6c936418
20ed5841a59745d4b335e878546e7249,"Insulated Bags",2552b01307f440e99f30c72023a176be
20f20c850e694c1eb267862bfb432829,"Kite Buggy Accessories",1c87bbdeb9d344fab1cd89a2fec4cbec
21075c19ca4d41a0b87b8bc0efe7c32c,Scanners,d4aff10f882a4c05ba23c68eab4ef1df
21105fea6cbb4f84804613d6f2aff99c,"Salad Dressing",eabe55d6797049fcba4a602c00dc0fde
2114df3a60f24f3695743e3255c12606,"False Eyelash Accessories",096edecb4ea54fa8ae509580230a4c8d
211562eee49c46339e3301d4fbc5202c,Headwear,ef30792f4b064beb9a1f2c2464c2f488
211b4c9ddc5349dcb9e9b6fd7dc7d091,Bagpipes,c2263e17e0754521a2d2606840f1c1a5
212320e64465474ca9589476eefc6d6f,Weapons,6c33705351ba499ab567519931234963
21262c6c0f004eba96b3c9ca802a9763,"Crib & Toddler Bed Accessories",ff6cdc53c6524e3d97156a79b07d3587
21287dbea99043c8a70f7b9311b12417,"Video Editing Hardware & Production Equipment",748fbbea094e4ee391a7bd30875db030
212b757121f44bd1ba37e82031d87648,"Otoscopes & Ophthalmoscopes",45c9b4a00b5044e18f7ff27021fe65af
212c1aa050b146ed8442c0109b0c6819,"Vehicle Transmission Fluid",576cfe3d5ee14ffe881cbfb3a3e77428
2131ae68c3ea4346a3282e98f0d61e92,"Stair Lifts",1e435d2717a34578b3c3e5b174613251
214754a05b194f999f117b4a422a1e06,"Protective Coatings & Sealants",75a77804201541a08214aac028a1f578
21544fcf8ae24f1fbf5ae6e4adacd878,Rum,7076e771c87e424b8ed53480885341f0
216016bbbbf64fa88aeff2e7c48649c2,"Table & Bar Stools",9451b838789742cd9baf8b5a0c77c69e
216c87ae59054fa5ad617a2d167d127f,"Bread & Pastry Dough",a363facc448f432ea3d9867137a3ebf1
217c10d2cb7c4139983b35595aa4fecd,"Recorder Parts",eb84095daa4d4766b638eb145be09650
21a8ba37c867425bb04d3262d763d499,"Bicycle Cable Housings",3a818162806745f0b28854e06a8ddf4f
21bbae47945843ae98de6762ee3c8d53,"Hazardous Waste Containers",d91d585e11364ebd81726df57ca17072
21bf785c6de5420cabc106daba7d6e14,Golf,e7cd8503854c4b8fba3ae180a6d87a8e
21d31a0e99d1413ca59ef1250f78b0d5,"Eyebrow Enhancers",bbbe7ce24b4240b5bc6dcfcaa67be6c3
21e4ddda431c493093b55964f6a7f987,"Money Handling",8ea13c0ac9094602ae5896ebea1ff869
21e9e2cd988f4dbfa5c90871a9010bb5,"Boxing Rings",ad88d04942894946b5f26be87a4f899d
2203f0dc9acd4699b088f4ad6f398fd0,"Hand Sanitizers & Wipes",9c5e04b51d64482d861cecb61081235f
22126d90c0c743c4b3ab4c1d3a4ed06c,"Cocktail Shakers & Tools",1892f457d24c417899274e6bc22ba666
223553241a3d47cf801b6363cc64b59f,"Horse Boots & Leg Wraps",51d2f59082944e41bda2bad670fc60e3
223dcc4f5d3e4709bd2ac90293687046,Dentistry,d10653cd475741179bb820509956b205
226ce876f886430abbb79daf2c8a9fdc,Newspapers,a58742e73dc541ee90e48f2296ed5c65
226dd4c2b1cf4c0b97592e53b283ba7a,"Locks & Keys",2fdba40f7afc47628960dfeabf8929c0
226ee187b3e548a5a80d026445acb480,"Pet Containment Systems",35d457cf921c4bec9aceb86c6c936418
228d8d7d8f2f49a89f4f898c75e09867,"Racquet Vibration Dampeners",f3cee97e6bb7496194c9d7ebfccfd550
229538d61d644a5c940e99e44baa93db,"Chocolate Tempering Machines",dee5b8311ce54603bdfbc666041ec6c0
22b5bdf1ee2d4ec9a8b3dc96bbae292c,"Pillow Forms",0b71293f935f4967b62fbc0bc92e96af
22ce78f136924e7d96f5def0f4ead11f,"Sport & Safety Whistles",96fe5461855741a298b276c223e10300
22cebe191446457394857049eb8c0b6d,"Outdoor Chairs",67bfa838413d4898aa40f13f411bac1a
22e9aae665e04bb68290ee510ab8b882,"Security System Sensors",2a2f72fada8c4743947484e30385291f
22f310bf28c64ebdadd692fab2301930,"Gift Boxes & Tins",3a047c013a2e49acbc2fe382b9e9902f
22fb517a634b495c9aee385964ea9391,"Horse Tack",e2b532da571b46988f493084ec80ce45
2312e14a080744b882b0e7867d94b1c6,Spas,0f5ddeed217748aa816a9abcf8ac6285
232bfa83ef6e4f8fbb54056ff776647e,"Collectible Guns",c1255e5c0ace4eba866352c7a3460ecd
233bc862f3e94fa991426917ae59f201,"Feminine Deodorant",d344280ae1834730a13a3cee4c9255a3
2346e955a2a541bc84e09b8ea55e5757,"Airbrush Accessories",0346730964c840d687538faddfb32864
235a8d5180c44efcb2a2ecb4cd3b8766,"Skateboard Parts",12e57d165f11463792abca94882a9cf4
23618a8be53546b58cc60f8365c4cc26,"Cabinets & Storage",09241892c5a049ea9585ee41269b2abc
236bf9bd50ea4679be45a03e4a85fcc6,"Air Hockey",43f6957374b247aa9239857628c57c8c
2378495c548a4f8fbd8a0243c6b7373b,Pencils,2ff77fba0180438d8273cbba78334ad7
238317f3cdc44efb96fbad2e7b2f0b47,"UV Light Meters",5192d0ece11e4321bc9c2564d88a380e
238b1bfb345f4097a05a3aef0f283295,"Diving Regulators",b79fde44fc5d4280ad3b181fdd9c576f
2397d6baf6b64017a7f67187c3ddf2ce,"Watercraft Storage Covers",5809f0ffe3d2458da8414a0c16c5037c
23986abc14694196814ff3d4762066ff,"Disc Golf Baskets",e0336d881cd54ca2ac5124cde10abdfd
23c2c071135b408dae65989455d504b7,"Hunting & Wildlife Calls",98346d8570e84a0a822984a091497756
23e31cd65ba24d3f9943c374b1d04b51,"Spoken Word & Field Recordings",263e2c1508ed41a29421a6fa6a935038
2429c4d6134e49dc81cf8d8b1b3fe8fa,"Laboratory Hot Plates",df29a91f049a4cc887faaa2ef899bcc4
2442b3c7d0764611843f87b55690679c,"Soccer Gloves",c59a517e5bd14a9bb0b60ded7990a5e9
24535eb838a74e0888ce42a923e85fb4,"Sesame Sticks",6aa13d16d86444ffb378547e06db5e11
2462153be5e54803ac22d93cbe3adaa6,Sinks,05ed5674b2874941ac3ad752af3be5db
246a9c8cf4d345abad839117cf1e650b,"Shelving Accessories",09241892c5a049ea9585ee41269b2abc
246aebf774c149fab6a25047ab63aa7f,"Outdoor Power Equipment",261177a1520843e188f0c1d1108adb15
24a0bf4032db4a3dabd6d03174ba0258,"Horse Tack Boxes",f09bc2af334048138da6d9d0e1799ad9
24b4709c46a74b94badb4eb7ea9368af,"Impact Wrenches & Drivers",a79d5a82ba794f709c151993661d2624
24caa6051d0a46dd91fcb6c0a15ef4d1,"Keyboard & Mouse Wrist Rests",2a045451487548f48e9311ef407e10a5
24fa56a76cc543f5931905855d33a36d,"Postage Stamps",f4028ec402d94a03a68546b104051372
2500de18efcb4644bfa36ae77065fa46,"Military Uniforms",f39060334e064f2ab164b29b43bd89b9
250adfcfb41d4a7790962c3e1fdd4a6b,"Off-Road and All-Terrain Vehicles",5bb7d6da8f574d63a3645a916a6b60cb
251757f78b484189985508ee61201c26,Boomerangs,614368f0976a4bc3afefd2b4dccd214d
252a2298985e4682a31ad0030303bd89,"Puppet & Puppet Theater Accessories",f0b7cdc7e94340428a8b92a17b45e82b
252a9dadfd44453fb3e795fcd54be9d0,"Cake Stands",5c672d6d147a40c1953d655d2e3d882a
252ef1e31b054986bb3446c08f4848c0,"Pull Buoys",45f65be0fb8b41958b7e51858f11f8fd
25359d7358e6496087ea86aa56889bc3,"Baby & Toddler Socks & Tights",8851088ae5404856aab36e7ccdf45507
253e4a8514ed42e493ce4218280c93ed,"Tackle Bags & Boxes",8d3b63e7bb3946de80da5418a955db89
254551851e9f45adac0ecf21c09f143a,"Cocktail & Barware Tool Sets",1892f457d24c417899274e6bc22ba666
25506ca566b44b2d85b2ca371858f491,"Web Design Software",799f4c17979c409bb09c5c765e860eef
2551252e4793413599b9bd696f140198,"Paper Towels",c673e402556d4623a0b176a30f74537c
2552b01307f440e99f30c72023a176be,"Food & Beverage Carriers",7f986ce3180d488cb6d2cb6f30dc54fc
2568eb1ad44b4b38ac87db3631fce4a8,"Pneumatic Hoses",84f26e3ab9fc48d2beb0c15697c68385
256a1ff870914d89bc973986c5b1601a,"Fuel Cells",42a756f4b49241158403f322b7d61fcf
2575cd4bc77a4ff4b73d8f7617b6c265,"Hair Coloring Accessories",c02f146f5ce84fe08093ff2149d63926
257b4356e56c458087e38ccaf7171c1e,"Memory Card Readers",00fa29fbc21b4db69086a3b39c105214
25963ede86a14773885b4f491b25adcb,Climbing,e7cd8503854c4b8fba3ae180a6d87a8e
25b26b23124a4cd2ae277611169f4ad9,"Baby Bottle Liners",71c721e237274561a19245bf133325f2
25b4c9767dcf4d40bbdd21e8e152d92e,"Mail Carts",af875e6056c446d88eef57f2409050ee
25b61114cfa34a25903f35fa5ed29588,"Hydration Systems",e7cd8503854c4b8fba3ae180a6d87a8e
25bb0ff437e94a68865caa6b9a8e6b91,"Remote Control Robots",386df25b8e504bb0b700031f732db51b
25c1811a8e46412eb1c4baaaa748bd52,"Battery Charge Controllers",89ac5a8ee0ac4bed9f47d1c187518696
25c428ee1bf8431d894b136b1916c4b2,"Mobile Phone Accessories",0e8b2f13b9c746ecbf02f9cbd40c703c
25dbab5497d94c999f1491a1a342f0bc,"Lacrosse Sticks",4d6d7052c9c74b3d8979eef3cb65cea8
25f0bce804f94d53b9ac2e3a06af2084,"Lighting Timers",e08a3722b38f4b96bcc8b4faa3bc3560
260296f868ea4e8eadf2c951f7611ba4,"Baby Care Timers",cab7000ed22541178c92ffbc7a6b5528
261177a1520843e188f0c1d1108adb15,"Lawn & Garden",0eb6bada3a9a48d69319623facf6b82e
26163385c98d4d5393986c5179c09f1a,"Sustain Pedals",cdba332f80e04c8cb63b8afcac441723
262464131dc24f63b2e6c672dd8217b0,"Construction Lines",4e8e3e1de17c4506bb6ab78de7842c1a
263ac2cb8238431ea26424b7d9dc49b7,Chicory,59010a6e74224a48a5572e4fee83ea59
263c51494e1b4f63bc163a1231dc13de,"Paint Edgers",79213acbe48447389da0b1cbda2a5e07
263e2c1508ed41a29421a6fa6a935038,"Music & Sound Recordings",8aa746c1606f42c2828f94c1aaf1a6a1
26412d15ae4847ef8c2fc0ca552d88dd,"Drafting Compasses",5e9f6918442d4c7eb46e3b1e69130a77
265189f0e5c4438f82ef2d9c66103dbe,"Surge Protection Devices",42a756f4b49241158403f322b7d61fcf
26634e1806634e6c9817ed390915a683,"Brass Instrument Care Kits",96d560a18a6146aebd6096dcda7edceb
267bf4789c1b49b6ab6fc2ade0ee9a74,"Cooking Torches",f407c85bb1bf4f5baddaf2207a83b494
2697d8da30524764854b3794f962ff52,"Paintball Harnesses & Packs",eebaeec5acc146578cc931b643786d8f
269af0a2715549f8bb494aafed5d2c93,"Climbing Crash Pads",25963ede86a14773885b4f491b25adcb
26a4753eedda4f37bfc36c0f599ab227,"Flatware Sets",7fa30b0f8ea947c58429cfde61000cd0
26bd8016af4744cfb6a22f965d1b4ee2,Melodicas,6d007fa46c0e41b7848aebd85d9abd97
26c5baa631604a42b02795d1f127a2fe,"Homely Fruits",c5d300814cbd40e28fc44ea9d2b20290
26cb6df000f247f0a9fe8ec36cd2d549,"Bedroom Furniture Sets",05853332706b4476994ddb5af6f2c545
26d6e534d5cd458d8c6bc0e3f3750d64,"Tetherball Sets",30249f4d15904a36a096b3fdf48824e6
26e0747e116545c7b5508e6e31eb9d88,"Skate Ramps",12e57d165f11463792abca94882a9cf4
26e27be3ebed44039da0e7433bebdae9,"Water Sport Helmets",2fe949c98c5141f29d5061b57950b26b
26e3e57ca06d4d1d8d23e75855d05a82,"Body & Hair Glitter",9ac2ecc5ffa341f8b3ffab160c17621a
26e5bc89957c4cccafcd1c8cf0f2a224,"Microphone Accessories",caa426fdcd5c4b66a8873b0eea92f29d
26e5e697a9be4fbaa9132fed434f69f9,"DVD Recorders",07e934e7ad2643a2852195b863770bd0
26f262c2f0894f8b9a948426e93f7d9f,"Bridal Accessories",ef30792f4b064beb9a1f2c2464c2f488
26fbb29f678c4ee582862196a329d921,"Motor Vehicle Exhaust",ea9eda63992844708ad6706809daba39
26fbb414776842669dda483b557971d8,"Coin & Bill Counters",21e4ddda431c493093b55964f6a7f987
270a172c494844c8954eac8af0e0f4de,"Vacuum Sealer Bags",673774e8cec84f89ae2b621ec9310c1d
270c35de9ba64299abc3c23d651f75db,"Printed Circuit Boards",3598f0fe4f1f4025bc80f76ed6591584
27185f08bb8a42b580d9fe1192bc5b81,"General Purpose Battery Chargers",89ac5a8ee0ac4bed9f47d1c187518696
272f92aea84a42faa379c65996d6a1e8,"Cross-Country Skis",5a2701c6a0a14cc98d67c97815a19f67
273034b555834fd781099745bda8f5cd,"Massage & Relaxation",934bb38b1bb746429cf611c1529e1726
274b1eadd9c14bfebd6ffac6e262b3b4,"Bubble Blowing Solution",444d7a8f6a964104a5b12731d19c59b6
2755496494d049859e4f91d42e9ac4ab,Figs,c5d300814cbd40e28fc44ea9d2b20290
2759d7ab4e2e4d35b225501561745421,"Baby Activity Toys",99c499fb35eb41ffbde7725c2698e88f
2762f2963c484699b00de05d64331e9d,"Game Racing Wheels",5f92dd63fc5b4919b3b8cc76070a941b
276cfd8cbead4be7b4e3bdc972e76c0a,"Stone Fruits",c5d300814cbd40e28fc44ea9d2b20290
27724b47cfca41a7a456bbc9919a8ead,"Ear Candles",42189c33b27b4e77946ec2097b9fb03f
27755e0d9349420f997d248fc2b685b4,"Motor Vehicle Mirrors",ea9eda63992844708ad6706809daba39
27777e80ac1f4f798d212cb6433b945d,"Safety Gloves",85e9c40f71a046d58ef3ac23df097b07
27787edf2a0041c5a9c974f1e114fcde,"Incontinence Aids",fbfab5484f1e4f9492c4ab728818dee5
2793522383db4f7a993b4cf2ade5c7c6,Toys,5ccdc22516cc4b03b43e43fb7db4d267
27a25edf348a4629af4ba4461d982e78,"Executive Toys",2793522383db4f7a993b4cf2ade5c7c6
27a302323569428fb9617804d1d58b44,"Outdoor Power Equipment Batteries",ee1d8bf242b141b4ad21b0995c19ab85
27b6db08ae3b4afe9b0af7e43b032191,"Motor Vehicle Brake Caliper Paint",8c1c26d1ee7945ea9a23ea503eb258dd
27ce8b2a19da41a5a41ec4ce40c25e22,"Shuffleboard Tables",cfcdcaa9dd664decbbe875b9c2054de2
27e347b9a1594134a02c8715e98d43a1,"Wax Tarts",8624064fe87445d2a50024a614aaeed9
27ed866a563b47ccb08f11eefbad49b0,"Medical Reflex Hammers & Tuning Forks",45c9b4a00b5044e18f7ff27021fe65af
27f301b1bf534f78b40d0d4e2784acc1,"Electric Kettles",dee5b8311ce54603bdfbc666041ec6c0
27f66af043ec4eb0a6b65eec778e3b8f,"Multitrack Recorders",45e1f90af225439f87d2db2f436edc1f
27f7d34bd0824dea969201b23b66951f,"Gardening Accessories",5de221026978484ba0105fdbb467aa84
280548330e704f4db7d8239a21e1cfda,"Prepared Eggs",77f7a9dbb6664d26b1b1a27d7ea86ec6
280580d1c28f4c7cb4b90be786a5ca5c,"Water Dispensing & Filtration",3b5187281711489c88953a571fc0bb47
28111ba398eb4ea8b3a446cc05b5538d,Ottomans,09241892c5a049ea9585ee41269b2abc
2814161092d74228a0d596fd6564bb89,"Collectible Swords",c1255e5c0ace4eba866352c7a3460ecd
283abc0eb3a44c5aa6ca1759844c3bc4,Barometers,5192d0ece11e4321bc9c2564d88a380e
283e2ca2dc444471a26fd7f720094904,"Paper Folding Machines",3a2aad9bd808457ba51cfea4039c9f87
283e5354a60c449a84c8aa66572be8f6,Kale,59010a6e74224a48a5572e4fee83ea59
2848c6206a764671831044f570a7c372,"Door Bells & Chimes",5458989ac81141e7aeb9c6658972882d
285212b2fdbb46baa8fde7a6d5d1e9d6,"Ice Bins",328b8401ccc943e4bc3cc920882d708d
286140e1a3c04cddb3832cbaebb6b73c,"Vehicle Emblems & Hood Ornaments",e0abdd90d5004153ad125db91b58ec6b
286248c7e2514e2ab90267b75133f142,Robes,9b7589b676b94d7787e24e3a3f9db6f0
2867b8a215a6418a96207f28329d64a0,"Party & Celebration",9aeda052c8f04ceeb753f5d69abb9386
28691531a3524739adc5790e19e790c4,Yeast,4d6624ea9526439699204e79fb570ea8
287b70692e6e4c04a881e56ff03becc0,"Hockey Stick Blades",bfc7145414544f238c2e52c3b8844fe6
287bd1f933734f99aff811c081f0ac67,"Sewing Machine Feet",73d903d059ec4e36a697b3c97cc36d62
28942539c506479eabf7592a521f2e94,Rivets,c841526243f847e2aecd522821e39f60
289d13c838a94f03a8adc0acd3652999,"Pitch Counters",96fe5461855741a298b276c223e10300
28b930efa99945fda21c66160f489263,"Bird Cages & Stands",353b9bf9c4ab4852b1360552c6142d32
28c95e5b1f454986b2fa81eb4909060b,Accelerometers,5060ca0d743d47d78996971636b48a00
28daa84bc5784d25828be627a8448326,Lettuce,59010a6e74224a48a5572e4fee83ea59
28e24cee32a34315b82aa45a080a8851,"File Folders",43531e8d864e4deb8319c45327464289
28e98b9ae23644cb89d52aaa043a697e,"Lawn Striping Kits",1a217c2339864e5fb89327cb54a9ff84
28e9c1cae56742078fa10d48ed11971c,Brandy,7076e771c87e424b8ed53480885341f0
28f3d47dd60041bb87c24a614d45078f,Dividers,5192d0ece11e4321bc9c2564d88a380e
28f6a2b167224085a39e237ac4d00ac8,"Electric Massagers",56c7296a40f24868bc1a4fb74ee59c6b
28fa940f02714a3d827071e287997562,"Cooking Oils",4d6624ea9526439699204e79fb570ea8
2900873364e5468cab04fc615d15be54,"Medical Tape & Bandages",9a93a0f467804a4a80540ab0dbe0561a
2943f59561e5486892da1b05ed2b6af4,Papayas,c5d300814cbd40e28fc44ea9d2b20290
29464b465cab4fbeb8c5c65fcccabfce,"Potty Training",1690c859de38412899d33fdc0f93e98f
295bbffb93ae4c1b89f74c9848ef735f,"Acid Neutralizers",8a8cceae5f5e4257b275d703707ce44e
2972e7e233eb4a77bdbbaa9d045eb0bb,Laminators,990668023dca4a36bc3524624676d309
297843d04fd341d2bbfaa9dfc9c57d46,Signage,d10653cd475741179bb820509956b205
299417c28bf54faf963db109c3c5f1c1,"Shoe Covers",4cf378fcc23a412f8e535074ce600927
2994bb453ee04563855eee7eb6d12056,"Gun Cleaning Solvents",441e03867ca342c7803f0254bc724bd7
29957cc59b4d4d27843bb990d787d827,Bathtubs,05ed5674b2874941ac3ad752af3be5db
299b02211d0d45c1bd8e33c49e34dcb3,"Gymnastics Rings",f8b81d159ba14760906494bdd913d9b0
29a0ba4b2f5b4de9a80fb8dca3e1c260,"Pet Collars & Harnesses",35d457cf921c4bec9aceb86c6c936418
29a9ba79c51a49d283d41c85d820cd83,"Surgical Needles & Sutures",332c8a5d8b7e4ca5a337ec5cc918f67a
29b62de53afe461cb33b0ec255ba72a2,Grapefruits,0c7d352704a84a32b698b327b684f85f
29da1ccc3610442da4a3ee9ab08fb67a,"Lemon & Lime Juice",4d6624ea9526439699204e79fb570ea8
29de56b8f2204f3086d404e713fb4853,"Food Warmers",dee5b8311ce54603bdfbc666041ec6c0
29e85b8287594842b59f8cc0437a3686,"Contact Lens Solution",8b6203ab66f44f87a3138c6076eaa8dc
29f4eb3c583344a893129a6bc531a3ed,"Prayer Cards",c2b1e1045e2942498ac0f99e603bfcdf
29f6f8ff1bb44386b95167d05d87807a,"Visual Toys",2793522383db4f7a993b4cf2ade5c7c6
29fccc1b27b84b3eaa6b8096d28b3e7b,"Potty Training Kits",29464b465cab4fbeb8c5c65fcccabfce
2a045451487548f48e9311ef407e10a5,"Computer Accessories",6c4c3469c7094aa985e0315ef2e35fc8
2a15e7b07f18473ab51de837ac7a2ee9,"Wire & Cable Ties",8b85891e2c1f4964bb0cb6ef5c8f8a5f
2a2b2390675a45eda65a3d86eb5e96e1,"Washer & Dryer Accessories",7ef36d1b8bfc4bb1bbc37737ae61d591
2a2d6ed690d949e7a52315bcf0bc8141,"AV Carts",af875e6056c446d88eef57f2409050ee
2a2f72fada8c4743947484e30385291f,"Business & Home Security",0eb6bada3a9a48d69319623facf6b82e
2a2f87df97cf44639f4be29241ed0f42,"Salad Dressing Mixers & Shakers",f407c85bb1bf4f5baddaf2207a83b494
2a42f19a8be84a15a9ce39ac6fc9f4c1,"Baseball & Softball Batting Helmets",16fb355b226d433583566a76967ae152
2a48deaf0c584f3495f8186c0c872e72,Staples,71ac8bc337644f07812f8a4b3aa89458
2a4e2f6b30e343c4ac2b5e194ceb7add,"Weed Trimmers",246aebf774c149fab6a25047ab63aa7f
2a5615467f814c49ac3ce9f0b3880b98,"Golf Ball Markers",21bf785c6de5420cabc106daba7d6e14
2a6e547496eb465ba978e74458b2451d,"Train Cases",206b429f8a6e46fcb13a8e2cfbd07b64
2a80a64bf5d0416c8ce153958796a462,"Accessibility Equipment Accessories",3b9bf7436d2b4fbfb73b6b482e93b2a2
2a8e33957fa04eb3b38bda7426de2d05,"Watercraft Motor Mounts",2f7db9ac663b48728f747d5a47bb67ea
2a9a63a4be5446828a86ba336c59e314,"Food Storage Accessories",7f986ce3180d488cb6d2cb6f30dc54fc
2aab681e094a42a4b9e5a21b1a7fca4a,"Rugby Posts",658da931e86c4eb19ef17bf68835b670
2ab0327ce4a44abd9c1e3e43a7347d81,"Golf Bag Accessories",21bf785c6de5420cabc106daba7d6e14
2ab8598e720142059099ec162b3f4655,"Rain Pants",c0cbb5e6f6384e92b2a49a8de8e15a06
2abf45f4cb844cf18b7b9aaff732a84f,"Cloth Napkins",9c0a5fa4619a416287de0f69368ba066
2ac44a6c4ba94fb690988b73c1bb8eab,"Baking Weights",38b520aebc0f40f6a497be8613a871ba
2ac522864c35473aaa04cff2ae6f4d1b,"Shower Rods",724a7f0abb3c4d70a645d34933e40da4
2ac6ae459b2c4b02916e6f4e5b194735,"Bicycle Locks",e75bd6cf27df40439abca4d2a97514c0
2ac88e9328374911b7f89fd72984f568,"Sectional Sofa Units",d6eb0e71ef904110979ba9f5edd14ef2
2accbb3b019642ea955a590a056125b8,"Clock Parts",736771f896784f23a6a9a4134c521da2
2ad6fb323298416080054de0df1d4e9a,"Garden Bridges",1217dd22ec7842458c01f6fb8e8f4ed0
2af2e0c439084026a83d5a1d44d2ad73,"Thread & Yarn Spools",a6e7ddb685ef4cb9a975aeb01486f294
2af5767ad23b4e15a7efb6e29a06c693,"Air Purifiers",ceba68b723e344c7bbb767a00c4d17c5
2af9d9f1637947639b3b4a38cbc5afc3,"Bassoon Stands",19b247d8c70a41f09877764da140c120
2b029c40e5274ac498552b048d843ded,"Fluorescent Tubes",51eff74bff1f480abee0ee00365ad170
2b426d93198c47fe986544f0eb7ea85b,Lamps,6c6b4f7730b24bea8e022b26a3691c28
2b43506bfad04144bff889ca88ea1509,"Motor Vehicle Roll Cages & Bars",68ce4273242d4bf781e9ccc2392d6549
2b496b469ef9408fa43cacb14f5d6a1e,"Wood Burning Tools",5e9f6918442d4c7eb46e3b1e69130a77
2b4db0b726fa42b79c80062f524002de,"Vehicle Parts & Accessories",405a3eefda24458abb71bdf89b536f24
2b50ed210f454d149729b7587cb560e1,"Accent Tables",5ce0f231670e44e7b9752d1e82689040
2b5b095d8db64638be067f1a3192fd2e,"Unflavored Carbonated Water",d88f72b79f9b4f4281f08d236a3e90e2
2b79ac034e36413aa57537f05592ea3c,"Potted Houseplants",6e0057fdaa3c4445b9fd943317ecefa1
2b7a5545f96f4d3c8ab556d8d6cd892e,"Rugby Protective Gear",658da931e86c4eb19ef17bf68835b670
2b89002a35ef417d8791b66ccc31d27b,"Medical Cabinets",5e3964516292440da02070a5c772c8e0
2b90d7d0a3534e1c910e5a4435889699,"Glass Cleaners",6a67225369b245ab8f6c58cffa586865
2b9a198f28b14b218170a0dbb644fe79,"Award Certificates",1bfdb2c115b249daac9f7f1ccbd54bb4
2b9caa8372004b69ad46f1e07286a9e8,"Cookware Accessories",cc8c2dd971684236bbc4eea544a17cce
2ba8b87887a842d59d8027ab0d2553df,"Stencil Machines",5e9f6918442d4c7eb46e3b1e69130a77
2bafe04d741946dbbd85e408911a802c,"Golf Bag Covers & Cases",2ab0327ce4a44abd9c1e3e43a7347d81
2bb358c2813a4471b87aa8318a63991e,"Musical Keyboard Stands",cdba332f80e04c8cb63b8afcac441723
2bbb212d2f4e4c99a10a5a7beac0cc3a,"Construction Calculators",b7125b020ea646648f5dab4b72527488
2bbe90f5e4694a25949db5b0c76d14f4,"Vehicle Seat Belt Covers",68ce4273242d4bf781e9ccc2392d6549
2bcae0c3b7fa4f7180082e7919ac4c97,"Soy Sauce",eabe55d6797049fcba4a602c00dc0fde
2c040bf18bf74d5bba1a0e4c0867cfd9,Funnels,f407c85bb1bf4f5baddaf2207a83b494
2c15cf9d20624d25bbc026a4f571f563,"Rain Gauges",736771f896784f23a6a9a4134c521da2
2c2483d9c5854cb4a09046aa26d2952f,"Bicycle Spokes",4fd7de4efe3741b5bbaf448479911b43
2c368da5c7734af3910edb7bd95131d4,"Doll & Action Figure Accessories",f0b7cdc7e94340428a8b92a17b45e82b
2c575dd4a8dc455f9671c166e406db2b,"Finger & Hand Cymbals",ec558a91fc4d43d3befb982bdc7d6155
2c64d87c3b4f4b729c35338008d987ad,Dartboards,0a38ba6c94a2401cb53bf612ef24fa6c
2c7fff246d2145e0932df967ae241653,"Shower Parts",08a7feb821cc4b2bb645634c605bb28c
2c9f7caaff3b4f8c9099333a6be6b725,"Skateboarding Gloves",e2e73c999f344d13aa133e833a748918
2caf029e44104662938552862bf887e1,"Toilet Paper Holders",724a7f0abb3c4d70a645d34933e40da4
2cbebdc038594f01899ea77a5b24c866,"Inline Skates",0ed9190f774a44b4810ec5a819451d3e
2cce7df5b04e426aa3c4fa1688b5dc21,"Outdoor Grill Carts",5820484509f6485bae74cba79ec46144
2cd10b79047b403791032eae98b68034,"Saw Blades",7552faa4eacf401a808032819bf77501
2cd694124f7c46d4934bec3064ccff19,"Dress Forms",f261d56bb89c4511ac00368200dc3e32
2ce5522ea1ae48658ce4e763f11c1466,"Seeds & Seed Tape",4817c3a9824d41e791a498277a2d02aa
2ce6ea6a53ea4b52ae56d5eb627325de,"Watering Can Accesssories",aa72186f5bfb4d18a30a3f632e55e64f
2ce8545bdf00445db0247687f929d11e,"Sprinkler Controls",78e58632820b4a2382fc4028a0fab9a2
2cf552246a4f4303858c87377a91bf36,"Unspun Fiber",da578498556b482f960add229bb3a26e
2d157504081c43cdb6cb6443e0f63712,"Ski & Snowboard Storage Racks",84c3206a28bb4334ad240df4886efa1b
2d2a9de52ab54c0e9283474eb77fc20d,Flour,4d6624ea9526439699204e79fb570ea8
2d2a9de8d9cb4a4198ea70c5a0cc47e5,Arugula,59010a6e74224a48a5572e4fee83ea59
2d2de382c0144191962421155183e9d9,"Skin Care Masks & Peels",1a65e02411ae475a90f0f147a6b49785
2d33b8e9cbbf4187b00c0af6952d4dca,"Pest Control Traps",66b7a8c5e5b34ca791216db55d6d8dca
2d5391ce818545a5b38879b75d6f6163,"Power Tool & Equipment Manuals",6a2cde9f539040a4a4f638f34ca9fc44
2d7165113bae4f20868acaf695199e02,"Vehicle Decals",e0abdd90d5004153ad125db91b58ec6b
2d7b338228e44347b24e70820ac3b3e6,"Garter Belts",50a1b37df16344c88ee39f1ae5d254e7
